// Generated by `tools/static-data/generate.py`, do not edit.
// The parts of the original executable's data that live in our own memory, with their initial values.
// Trailing zero bytes of the initial values are left out.

static const uint8 s_Init_86F104[]{
    0xCD,0xCC,0xCC,0x3D,
};
static const uint8 s_Init_8A5A80[]{
    0x00,0xA0,0x86,0x01,0x0C,
};
static const uint8 s_Init_8A5A8C[]{
    0x57,0x02,0x00,0x00,0x54,0x02,0x00,0x00,0x55,0x02,0x00,0x00,0x56,0x02,0x00,0x00,0x0B,0x02,0x00,0x00,0x1B,0x01,0x00,0x00,0x18,0x01,0x00,0x00,0x19,0x01,0x00,0x00,
    0x1A,0x01,0x00,0x00,0x1C,0x01,
};
static const uint8 s_Init_8A5AC4[]{
    0xFF,0xFF,0xFF,0xFF,0x12,0x01,0x00,0x00,0x14,0x01,0x00,0x00,0x13,0x01,
};
static const uint8 s_Init_8A5AE4[]{
    0xFF,0xFF,0xFF,0xFF,0x15,0x01,0x00,0x00,0x17,0x01,0x00,0x00,0x16,0x01,0x00,0x00,0x06,0x01,0x00,0x00,0x05,0x01,0x00,0x00,0xDC,0x00,0x00,0x00,0xEA,0x00,0x00,0x00,
    0xB6,0x00,0x00,0x00,0xCE,0x00,0x00,0x00,0xFF,0xFF,0xFF,0x00,0x6F,0x12,0x83,0x3A,0x01,0x01,0x01,0x01,0x0B,0xD7,0x23,0x3C,
};
static const uint8 s_Init_8A5B24[]{
    0x0C,
};
static const uint8 s_Init_8A5B58[]{
    0xB0,0x85,0x43,0x00,0x90,0x88,0x43,0x00,0x30,0x8B,0x43,0x00,0x40,0x8E,0x43,0x00,0x90,0x8E,0x43,0x00,0x20,0x8F,0x43,0x00,0x40,0x8F,0x43,0x00,0x50,0x8F,0x43,0x00,
    0x60,0x8F,0x43,0x00,0x70,0x8F,0x43,0x00,0x80,0x8F,0x43,0x00,0x00,0x00,0x00,0x00,0x90,0x8F,0x43,0x00,0xC0,0x8F,0x43,0x00,0x20,0x9B,0x43,0x00,0x70,0x9C,0x43,0x00,
    0x00,0x00,0x00,0x00,0xA0,0xA4,0x43,0x00,0xB0,0xA4,0x43,0x00,0xC0,0xA4,0x43,0x00,0xD0,0xA4,0x43,0x00,0xE0,0xA4,0x43,0x00,0xF0,0xA4,0x43,0x00,0x00,0xA5,0x43,0x00,
    0x10,0xA5,0x43,0x00,0x20,0xA5,0x43,0x00,0x80,0x9D,0x43,0x00,0x00,0x00,0x00,0x00,0x00,0x00,0x00,0x00,0xF0,0x8F,0x43,0x00,0x00,0x00,0x00,0x00,0x00,0x00,0x00,0x00,
    0xD0,0x90,0x43,0x00,0xF0,0x90,0x43,0x00,0x00,0x00,0x00,0x00,0x00,0x00,0x00,0x00,0x10,0x91,0x43,0x00,0x50,0x91,0x43,0x00,0x90,0x91,0x43,0x00,0xD0,0x91,0x43,0x00,
    0xD0,0x9D,0x43,0x00,0x30,0x92,0x43,0x00,0x60,0x93,0x43,0x00,0xD0,0x93,0x43,0x00,0x50,0x9E,0x43,0x00,0xF0,0x93,0x43,0x00,0xB0,0x94,0x43,0x00,0xE0,0x94,0x43,0x00,
    0x00,0x00,0x00,0x00,0x00,0x00,0x00,0x00,0x30,0xA5,0x43,0x00,0x40,0xA5,0x43,0x00,0x00,0x00,0x00,0x00,0x00,0x00,0x00,0x00,0x00,0x00,0x00,0x00,0x10,0x95,0x43,0x00,
    0x40,0x95,0x43,0x00,0x70,0x95,0x43,0x00,0x90,0x95,0x43,0x00,0xA0,0x95,0x43,0x00,0x00,0x00,0x00,0x00,0x00,0x00,0x00,0x00,0x00,0x00,0x00,0x00,0xB0,0x95,0x43,0x00,
    0x00,0x96,0x43,0x00,0xC0,0x96,0x43,0x00,0xF0,0x96,0x43,0x00,0x00,0x00,0x00,0x00,0x00,0x00,0x00,0x00,0x10,0x97,0x43,0x00,0x20,0x97,0x43,0x00,0x80,0x98,0x43,0x00,
    0x00,0x00,0x00,0x00,0xD0,0x98,0x43,0x00,0x00,0x00,0x00,0x00,0x60,0x9F,0x43,0x00,0x00,0x00,0x00,0x00,0x00,0x00,0x00,0x00,0x00,0x00,0x00,0x00,0x00,0x00,0x00,0x00,
    0x00,0x00,0x00,0x00,0x30,0x99,0x43,0x00,0x40,0x99,0x43,0x00,0xD0,0x99,0x43,0x00,0x50,0xA5,0x43,0x00,0x60,0xA5,0x43,0x00,0x70,0xA5,0x43,0x00,0x60,0xA6,0x43,0x00,
    0x70,0xA6,0x43,0x00,0x80,0xA6,0x43,0x00,0x00,0x00,0x00,0x00,0x00,0x00,0x00,0x00,0x7D,0x23,0x4B,0xDE,0xD1,0x28,0x2A,0xB2,0xAE,0x3F,0x78,0x5A,0x2B,0xEA,0xCC,0xEE,
    0x28,0x1E,0xAF,0x42,0x01,0xC2,0x5F,0x55,0x45,0x53,0x84,0x2A,0xEA,0x01,0xEF,0xE1,0xFC,0x83,0x1B,0x77,0x48,0x28,0xF1,0x5B,0x17,0x3A,0x45,0x44,0x08,0x1D,0xFF,0xFC,
    0x32,0x85,0x9E,0xB6,0x76,0x80,0x82,0x8B,0xE9,0xD9,0x6E,0xDD,0x8C,0xFD,0x90,0xA2,0xA7,0xB5,0x84,0x34,0x4E,0x91,0xDB,0x43,0x65,0xDD,0xC0,0xDB,0x00,0x00,0x00,0x00,
    0xFE,0x30,0x8A,0xD0,0x4E,0x1B,0xBF,0x37,0x66,0x08,0xD4,0xB5,0x99,0x0D,0x3B,0xE6,0x45,0x89,0x5B,0x67,0xEE,0xD5,0x87,0x49,0xE8,0x84,0x8F,0x2E,0xD6,0xA3,0x9A,0x1A,
    0xBC,0xF3,0x42,0xE8,0x4E,0x6A,0x5C,0x0D,0xB1,0xFC,0xD4,0x74,0xB8,0x13,0x1D,0xB0,0xBC,0x6E,0x51,0x66,0x45,0x7E,0x13,0x4B,0x00,0x00,0x00,0x00,0x33,0x0E,0x52,0x78,
    0x25,0x73,0x57,0x3A,0x59,0x6D,0x96,0xD4,0x9D,0xB4,0xD1,0x5F,0x99,0x3F,0x61,0xA7,0x71,0xD8,0x92,0x17,0xDF,0x79,0xC5,0xCB,0xFF,0xCC,0xED,0x4F,0x66,0x48,0xB3,0x44,
    0xDB,0x77,0xF8,0x2E,0x97,0xE7,0x81,0x27,0x45,0xA0,0xC1,0x2B,0x68,0xE3,0xAF,0xB2,0x5B,0xD4,0x8D,0xFA,0xBD,0x75,0xED,0x8D,0xBC,0x26,0x55,0x1A,0x0B,0x77,0x8A,0xA4,
    0x32,0x3B,0x7D,0xB0,0x4B,0xE5,0xC1,0x80,0x87,0x00,0xAD,0x5D,0x50,0xB9,0x80,0x7F,0x50,0xA6,0x0F,0x6C,0xA4,0x2F,0x6F,0xF4,0x85,0x43,0x16,0x70,0x00,0x00,0x00,0x00,
    0x50,0x0B,0x5D,0x88,0xB3,0xDC,0x1B,0x15,0x0A,0x64,0xFA,0xAD,0xCE,0x96,0x7F,0xE5,0x61,0xF7,0x0C,0x04,0xB9,0x3E,0xB3,0xE1,0xF7,0x77,0xDA,0xFE,0xDD,0x70,0xA8,0x8C,
    0x01,0x94,0x62,0x9A,0xA5,0xF5,0x3E,0xF5,0x1D,0x0C,0xAA,0xF2,0xA8,0x45,0x63,0xF3,0xE1,0xD5,0x90,0x89,0x1B,0x3B,0x01,0xB7,0xEE,0x94,0xEC,0xCA,0xCC,0xC3,0xF0,0x31,
    0x2A,0xE7,0xB3,0xB3,0xFF,0xDB,0x5C,0xC2,0xFF,0x4E,0xCF,0xD5,0xB1,0x16,0x04,0x68,0x18,0xDA,0x5F,0xCF,0xE9,0x86,0x12,0xF0,0x0A,0xCC,0x41,0xA8,0xCF,0x09,0xEA,0x31,
    0x8A,0x78,0x58,0xE9,0x7C,0x3A,0xC8,0x02,0xD4,0x3E,0x9C,0xE4,0xCC,0xA8,0x1B,0x17,0xAE,0x8D,0x98,0x86,0xA1,0x2F,0xDD,0x2B,0x00,0x00,0x00,0x00,0x00,0x00,0x00,0x00,
    0x00,0x00,0x80,0x3F,0x00,0x00,0x80,0x3F,0x00,0x00,0x40,0x40,
};
static const uint8 s_Init_8A5E50[]{
    0x02,0x00,0x00,0x00,0x00,0x00,0x00,0x00,0x00,0x00,0xE0,0x41,0x00,0x80,0x3B,0xC5,0x00,0x00,0x00,0x00,0x00,0x00,0xF0,0xC1,0x00,0x00,0xA0,0xC4,0x00,0x00,0x00,0x00,
    0x00,0x00,0x14,0xC3,0x00,0xC0,0x63,0xC4,0x00,0x00,0x00,0x00,0x00,0x80,0xF3,0xC3,0x00,0x00,0xBA,0xC3,0x00,0x00,0x00,0x00,0x00,0x80,0x80,0xC4,0x00,0x00,0xD4,0xC3,
    0x00,0x00,0x00,0x00,0x00,0x20,0x8F,0xC4,0x00,0x80,0xEF,0x43,0x00,0x00,0x00,0x00,0x00,0xA0,0xB6,0xC4,0x00,0x00,0xBA,0x44,0x00,0x00,0x00,0x00,0x00,0x80,0x3B,0xC5,
    0x00,0x80,0xD0,0x44,0x00,0x00,0x00,0x00,0x00,0x80,0x3B,0xC5,0x00,0x80,0x3B,0xC5,0x00,0x00,0x00,0x00,0x00,0x00,0x00,0x00,0x00,0x80,0x3B,0x45,0x00,0xC0,0x05,0x44,
    0x00,0x00,0x00,0x00,0x00,0xE0,0xDB,0x44,0x00,0x00,0x10,0x44,0x00,0x00,0x00,0x00,0x00,0x40,0x77,0x44,0x00,0x40,0x2D,0x44,0x00,0x00,0x00,0x00,0x00,0x00,0x00,0xC3,
    0x00,0x00,0xF5,0x43,0x00,0x00,0x00,0x00,0x00,0x40,0x53,0xC4,0x00,0xC0,0x30,0x44,0x00,0x00,0x00,0x00,0x00,0xA0,0xB8,0xC4,0x00,0xA0,0xD1,0x44,0x00,0x00,0x00,0x00,
    0x00,0xA0,0x06,0xC5,0x00,0x10,0x1C,0x45,0x00,0x00,0x00,0x00,0x00,0xB0,0x39,0xC5,0x00,0x40,0x08,0x45,0x00,0x00,0x00,0x00,0x00,0x80,0x3B,0xC5,0x00,0x80,0x3B,0x45,
    0x00,0x00,0x00,0x00,0x00,0x80,0x3B,0x45,0x00,0x80,0x3B,0x45,
};
static const uint8 s_Init_8A5F48[]{
    0x0A,0x00,0x00,0x00,0x00,0x00,0x00,0x00,0x00,0x00,0x01,0x00,0x01,0x00,0x01,0x00,0x01,0x00,0x01,0x00,0x01,0x00,0x01,0x00,0x01,0x00,0x01,0x00,0x01,0x00,0x01,0x00,
    0x01,0x00,0x01,0x00,0x01,0x00,0x01,0x00,0x08,0x00,0x08,0x00,0x08,0x00,0x08,0x00,0x04,0x00,0x04,0x00,0x1E,0x00,0x0A,0x00,0x0A,0x00,0x0F,0x00,0x0A,0x00,0x0A,0x00,
    0x3C,0x00,0x3C,0x00,0x50,0x00,0x50,0x00,0x3C,0x00,0x14,0x00,0x0A,0x00,0x04,0x00,0x03,0x00,0x64,0x00,0xF4,0x01,0x05,0x00,0x01,0x00,0xF4,0x01,0xF4,0x01,0x24,0x00,
    0x00,0x00,0x00,0x00,0x01,
};
static const uint8 s_Init_8A6160[]{
    0x01,0xFF,0x00,0x00,0x00,0x00,0x00,0x00,0x60,0x5E,0x46,0x00,0xE0,0x6D,0x46,0x00,0x90,0x93,0x46,0x00,0x00,0xC1,0x47,0x00,0x10,0xD2,0x47,0x00,0x90,0xE0,0x47,0x00,
    0x70,0xF3,0x47,0x00,0x30,0xFA,0x47,0x00,0x00,0x13,0x48,0x00,0xD0,0x3B,0x48,0x00,0x00,0x95,0x48,0x00,0x20,0xA3,0x48,0x00,0x90,0xB5,0x48,0x00,0xD0,0xCD,0x48,0x00,
    0xA0,0xEA,0x48,0x00,0xB0,0x0D,0x49,0x00,0xE0,0x3F,0x49,0x00,0x00,0x6E,0x49,0x00,0x50,0xD0,0x46,0x00,0x60,0xB4,0x46,0x00,0x10,0x23,0x47,0x00,0x90,0x0A,0x47,0x00,
    0x00,0x49,0x47,0x00,0xD0,0x62,0x47,0x00,0x00,0x80,0x47,0x00,0x60,0xA7,0x47,0x00,0xA0,0x9D,0x47,0x00,0xFF,0xFF,
};
static const uint8 s_Init_8A6204[]{
    0x00,0x00,0x80,0x3F,0x00,0x00,0x80,0x3F,0x00,0x00,0x80,0x3F,0x9A,0x99,0x99,0x3F,0x00,0xFF,0xFF,0x00,0xFF,0x80,0x00,0x00,0x67,0x9A,0xCD,0x3A,0x00,0x00,0x80,0x3F,
    0x00,0x00,0x00,0x00,0x00,0x00,0x00,0x00,0x00,0x00,0x80,0x3F,0x01,0x00,0x00,0x00,0x02,0x00,0x00,0x00,0x03,0x00,0x00,0x00,0x04,0x00,0x00,0x00,0x05,0x00,0x00,0x00,
    0x06,0x00,0x00,0x00,0x07,0x00,0x00,0x00,0x08,0x00,0x00,0x00,0x09,0x00,0x00,0x00,0x0A,0x00,0x00,0x00,0x0B,
};
static const uint8 s_Init_8A6260[]{
    0x66,0x9C,0xAD,0x45,0x00,0x00,0x00,0x40,0x78,0xBE,0x85,0x00,0x01,0x00,0x00,0x00,0x00,0x00,0x00,0x00,0x70,0xBE,0x85,0x00,0x02,0x00,0x00,0x00,0x00,0x00,0x00,0x00,
    0x64,0xBE,0x85,0x00,0x03,0x00,0x00,0x00,0x00,0x00,0x00,0x00,0x58,0xBE,0x85,0x00,0x04,0x00,0x00,0x00,0x00,0x00,0x00,0x00,0x50,0xBE,0x85,0x00,0x05,0x00,0x00,0x00,
    0x00,0x00,0x00,0x00,0x48,0xBE,0x85,0x00,0x06,0x00,0x00,0x00,0x00,0x00,0x00,0x00,0x3C,0xBE,0x85,0x00,0x07,0x00,0x00,0x00,0x00,0x00,0x00,0x00,0x30,0xBE,0x85,0x00,
    0x08,0x00,0x00,0x00,0x00,0x00,0x00,0x00,0x28,0xBE,0x85,0x00,0x09,0x00,0x00,0x00,0x00,0x00,0x00,0x00,0x20,0xBE,0x85,0x00,0x0A,0x00,0x00,0x00,0x00,0x00,0x00,0x00,
    0x14,0xBE,0x85,0x00,0x0C,0x00,0x00,0x00,0x00,0x00,0x00,0x00,0x08,0xBE,0x85,0x00,0x0B,0x00,0x00,0x00,0x00,0x00,0x00,0x00,0x00,0x00,0x00,0x00,0x00,0x00,0x00,0x00,
    0x00,0x00,0x00,0x00,0x00,0x00,0x00,0x00,0x00,0x00,0x00,0x00,0x05,0x00,0x00,0x00,0x09,0x00,0x00,0x00,0xCD,0xCC,0x4C,0x3D,0x00,0x00,0x00,0x00,0x00,0x00,0x00,0x00,
    0x9A,0x99,0x19,0x3E,0x00,0x00,0x00,0x00,0x03,0x00,0x00,0x00,0x03,0x00,0x00,0x00,0xCD,0xCC,0x4C,0x3E,0x00,0x00,0x00,0x00,0x00,0x00,0x00,0x00,0xCD,0xCC,0x4C,0x3E,
    0x00,0x00,0x00,0x00,0x03,0x00,0x00,0x00,0x03,0x00,0x00,0x00,0x00,0x00,0x00,0x00,0x00,0x00,0x00,0x00,0x00,0x00,0x00,0x00,0xCD,0xCC,0x4C,0x3E,0x00,0x00,0x00,0x00,
    0x02,0x00,0x00,0x00,0x04,0x00,0x00,0x00,0xCD,0xCC,0xCC,0xBD,0x00,0x00,0x00,0x00,0x00,0x00,0x00,0x00,0xCD,0xCC,0x4C,0x3E,0x00,0x00,0x00,0x00,0x20,0x00,0x00,0x00,
    0x05,0x00,0x00,0x00,0x8F,0xC2,0x75,0x3D,0x00,0x00,0x00,0x00,0x00,0x00,0x00,0x00,0x29,0x5C,0x0F,0x3E,0x00,0x00,0x00,0x00,0x16,0x00,0x00,0x00,0x06,0x00,0x00,0x00,
    0x8F,0xC2,0x75,0x3D,0x00,0x00,0x00,0x00,0x00,0x00,0x00,0x00,0x29,0x5C,0x0F,0x3E,0x00,0x00,0x00,0x00,0x21,0x00,0x00,0x00,0x05,0x00,0x00,0x00,0xCD,0xCC,0x4C,0x3D,
    0x00,0x00,0x00,0x00,0x00,0x00,0x00,0x00,0x29,0x5C,0x0F,0x3E,0x00,0x00,0x00,0x00,0x17,0x00,0x00,0x00,0x06,0x00,0x00,0x00,0xCD,0xCC,0x4C,0x3D,0x00,0x00,0x00,0x00,
    0x00,0x00,0x00,0x00,0x29,0x5C,0x0F,0x3E,0x00,0x00,0x00,0x00,0x2A,0x00,0x00,0x00,0x07,0x00,0x00,0x00,0xCD,0xCC,0xCC,0xBD,0x00,0x00,0x00,0x00,0x00,0x00,0x00,0x00,
    0xEC,0x51,0x38,0x3E,0x00,0x00,0x00,0x00,0x34,0x00,0x00,0x00,0x08,0x00,0x00,0x00,0xCD,0xCC,0xCC,0xBD,0x00,0x00,0x00,0x00,0x00,0x00,0x00,0x00,0xEC,0x51,0x38,0x3E,
    0x00,0x00,0x00,0x00,0x2B,0x00,0x00,0x00,0x07,0x00,0x00,0x00,0xEC,0x51,0x38,0xBE,0x00,0x00,0x00,0x00,0x00,0x00,0x00,0x00,0x0A,0xD7,0x23,0x3E,0x00,0x00,0x00,0x00,
    0x35,0x00,0x00,0x00,0x08,0x00,0x00,0x00,0xEC,0x51,0x38,0xBE,0x00,0x00,0x00,0x00,0x00,0x00,0x00,0x00,0x0A,0xD7,0x23,0x3E,
};
static const uint8 s_Init_8A7740[]{
    0x68,0x64,0x8A,0x00,0x80,0x6B,0x8A,0x00,0x90,0x6D,0x8A,0x00,0x78,0x69,0x8A,0x00,0x50,0x67,0x8A,0x00,0x80,0x6F,0x8A,0x00,0x68,0x70,0x8A,0x00,0xB8,0x71,0x8A,0x00,
    0x18,0x72,0x8A,0x00,0x70,0x72,0x8A,0x00,0xD0,0x73,0x8A,0x00,0x30,0x75,0x8A,0x00,0x05,0x00,0x00,0x00,0x07,0x00,0x00,0x00,0x02,0x00,0x00,0x00,0x04,0x00,0x00,0x00,
    0x00,0x00,0x80,0x3E,
};
static const uint8 s_Init_8AA5A8[]{
    0x64,0x65,0x66,0x61,0x75,0x6C,0x74,0x00,0x00,0x00,0x00,0x00,0x00,0x00,0x00,0x00,0x70,0x65,0x64,0x00,0x00,0x00,0x00,0x00,0x00,0x00,0x00,0x00,0x00,0x00,0x00,0x00,
    0x07,0x00,0x00,0x00,0xBF,0x00,0x00,0x00,0x90,0x0F,0x8D,0x00,0x88,0x77,0x8A,0x00,0x64,0x6F,0x6F,0x72,0x00,0x00,0x00,0x00,0x00,0x00,0x00,0x00,0x00,0x00,0x00,0x00,
    0x70,0x65,0x64,0x00,0x00,0x00,0x00,0x00,0x00,0x00,0x00,0x00,0x00,0x00,0x00,0x00,0xFF,0xFF,0xFF,0xFF,0x02,0x00,0x00,0x00,0x80,0x7D,0x8A,0x00,0x88,0x7D,0x8A,0x00,
    0x62,0x69,0x6B,0x65,0x73,0x00,0x00,0x00,0x00,0x00,0x00,0x00,0x00,0x00,0x00,0x00,0x62,0x69,0x6B,0x65,0x73,0x00,0x00,0x00,0x00,0x00,0x00,0x00,0x00,0x00,0x00,0x00,
    0x07,0x00,0x00,0x00,0x0C,0x00,0x00,0x00,0x98,0x7D,0x8A,0x00,0x70,0x7F,0x8A,0x00,0x62,0x69,0x6B,0x65,0x76,0x00,0x00,0x00,0x00,0x00,0x00,0x00,0x00,0x00,0x00,0x00,
    0x62,0x69,0x6B,0x65,0x76,0x00,0x00,0x00,0x00,0x00,0x00,0x00,0x00,0x00,0x00,0x00,0x07,0x00,0x00,0x00,0x0C,0x00,0x00,0x00,0xC8,0x7D,0x8A,0x00,0x70,0x7F,0x8A,0x00,
    0x62,0x69,0x6B,0x65,0x68,0x00,0x00,0x00,0x00,0x00,0x00,0x00,0x00,0x00,0x00,0x00,0x62,0x69,0x6B,0x65,0x68,0x00,0x00,0x00,0x00,0x00,0x00,0x00,0x00,0x00,0x00,0x00,
    0x07,0x00,0x00,0x00,0x0C,0x00,0x00,0x00,0xF8,0x7D,0x8A,0x00,0x70,0x7F,0x8A,0x00,0x62,0x69,0x6B,0x65,0x64,0x00,0x00,0x00,0x00,0x00,0x00,0x00,0x00,0x00,0x00,0x00,
    0x62,0x69,0x6B,0x65,0x64,0x00,0x00,0x00,0x00,0x00,0x00,0x00,0x00,0x00,0x00,0x00,0x07,0x00,0x00,0x00,0x0C,0x00,0x00,0x00,0x28,0x7E,0x8A,0x00,0x70,0x7F,0x8A,0x00,
    0x77,0x61,0x79,0x66,0x61,0x72,0x65,0x72,0x00,0x00,0x00,0x00,0x00,0x00,0x00,0x00,0x77,0x61,0x79,0x66,0x61,0x72,0x65,0x72,0x00,0x00,0x00,0x00,0x00,0x00,0x00,0x00,
    0x07,0x00,0x00,0x00,0x0C,0x00,0x00,0x00,0x58,0x7E,0x8A,0x00,0x70,0x7F,0x8A,0x00,0x62,0x6D,0x78,0x00,0x00,0x00,0x00,0x00,0x00,0x00,0x00,0x00,0x00,0x00,0x00,0x00,
    0x62,0x6D,0x78,0x00,0x00,0x00,0x00,0x00,0x00,0x00,0x00,0x00,0x00,0x00,0x00,0x00,0x07,0x00,0x00,0x00,0x0F,0x00,0x00,0x00,0x88,0x7E,0x8A,0x00,0x70,0x7F,0x8A,0x00,
    0x6D,0x74,0x62,0x00,0x00,0x00,0x00,0x00,0x00,0x00,0x00,0x00,0x00,0x00,0x00,0x00,0x6D,0x74,0x62,0x00,0x00,0x00,0x00,0x00,0x00,0x00,0x00,0x00,0x00,0x00,0x00,0x00,
    0x07,0x00,0x00,0x00,0x0F,0x00,0x00,0x00,0xC4,0x7E,0x8A,0x00,0x70,0x7F,0x8A,0x00,0x63,0x68,0x6F,0x70,0x70,0x61,0x00,0x00,0x00,0x00,0x00,0x00,0x00,0x00,0x00,0x00,
    0x63,0x68,0x6F,0x70,0x70,0x61,0x00,0x00,0x00,0x00,0x00,0x00,0x00,0x00,0x00,0x00,0x07,0x00,0x00,0x00,0x0F,0x00,0x00,0x00,0x00,0x7F,0x8A,0x00,0x70,0x7F,0x8A,0x00,
    0x71,0x75,0x61,0x64,0x00,0x00,0x00,0x00,0x00,0x00,0x00,0x00,0x00,0x00,0x00,0x00,0x71,0x75,0x61,0x64,0x00,0x00,0x00,0x00,0x00,0x00,0x00,0x00,0x00,0x00,0x00,0x00,
    0x07,0x00,0x00,0x00,0x0C,0x00,0x00,0x00,0x3C,0x7F,0x8A,0x00,0xE8,0x7F,0x8A,0x00,0x70,0x79,0x74,0x68,0x6F,0x6E,0x00,0x00,0x00,0x00,0x00,0x00,0x00,0x00,0x00,0x00,
    0x70,0x79,0x74,0x68,0x6F,0x6E,0x00,0x00,0x00,0x00,0x00,0x00,0x00,0x00,0x00,0x00,0x07,0x00,0x00,0x00,0x04,0x00,0x00,0x00,0x48,0x80,0x8A,0x00,0xD0,0x81,0x8A,0x00,
    0x70,0x79,0x74,0x68,0x6F,0x6E,0x62,0x61,0x64,0x00,0x00,0x00,0x00,0x00,0x00,0x00,0x70,0x79,0x74,0x68,0x6F,0x6E,0x00,0x00,0x00,0x00,0x00,0x00,0x00,0x00,0x00,0x00,
    0x07,0x00,0x00,0x00,0x04,0x00,0x00,0x00,0x58,0x80,0x8A,0x00,0x10,0x82,0x8A,0x00,0x63,0x6F,0x6C,0x74,0x34,0x35,0x00,0x00,0x00,0x00,0x00,0x00,0x00,0x00,0x00,0x00,
    0x63,0x6F,0x6C,0x74,0x34,0x35,0x00,0x00,0x00,0x00,0x00,0x00,0x00,0x00,0x00,0x00,0x07,0x00,0x00,0x00,0x04,0x00,0x00,0x00,0x68,0x80,0x8A,0x00,0xD0,0x81,0x8A,0x00,
    0x63,0x6F,0x6C,0x74,0x5F,0x63,0x6F,0x70,0x00,0x00,0x00,0x00,0x00,0x00,0x00,0x00,0x63,0x6F,0x6C,0x74,0x34,0x35,0x00,0x00,0x00,0x00,0x00,0x00,0x00,0x00,0x00,0x00,
    0x07,0x00,0x00,0x00,0x04,0x00,0x00,0x00,0x78,0x80,0x8A,0x00,0xD0,0x81,0x8A,0x00,0x63,0x6F,0x6C,0x74,0x34,0x35,0x70,0x72,0x6F,0x00,0x00,0x00,0x00,0x00,0x00,0x00,
    0x63,0x6F,0x6C,0x74,0x34,0x35,0x00,0x00,0x00,0x00,0x00,0x00,0x00,0x00,0x00,0x00,0x07,0x00,0x00,0x00,0x04,0x00,0x00,0x00,0x88,0x80,0x8A,0x00,0xD0,0x81,0x8A,0x00,
    0x73,0x61,0x77,0x6E,0x6F,0x66,0x66,0x00,0x00,0x00,0x00,0x00,0x00,0x00,0x00,0x00,0x63,0x6F,0x6C,0x74,0x34,0x35,0x00,0x00,0x00,0x00,0x00,0x00,0x00,0x00,0x00,0x00,
    0x07,0x00,0x00,0x00,0x04,0x00,0x00,0x00,0x98,0x80,0x8A,0x00,0xD0,0x81,0x8A,0x00,0x73,0x61,0x77,0x6E,0x6F,0x66,0x66,0x70,0x72,0x6F,0x00,0x00,0x00,0x00,0x00,0x00,
    0x63,0x6F,0x6C,0x74,0x34,0x35,0x00,0x00,0x00,0x00,0x00,0x00,0x00,0x00,0x00,0x00,0x07,0x00,0x00,0x00,0x04,0x00,0x00,0x00,0xA8,0x80,0x8A,0x00,0xD0,0x81,0x8A,0x00,
    0x73,0x69,0x6C,0x65,0x6E,0x63,0x65,0x64,0x00,0x00,0x00,0x00,0x00,0x00,0x00,0x00,0x73,0x69,0x6C,0x65,0x6E,0x63,0x65,0x64,0x00,0x00,0x00,0x00,0x00,0x00,0x00,0x00,
    0x07,0x00,0x00,0x00,0x04,0x00,0x00,0x00,0xB8,0x80,0x8A,0x00,0xD0,0x81,0x8A,0x00,0x73,0x68,0x6F,0x74,0x67,0x75,0x6E,0x00,0x00,0x00,0x00,0x00,0x00,0x00,0x00,0x00,
    0x73,0x68,0x6F,0x74,0x67,0x75,0x6E,0x00,0x00,0x00,0x00,0x00,0x00,0x00,0x00,0x00,0x07,0x00,0x00,0x00,0x02,0x00,0x00,0x00,0xC8,0x80,0x8A,0x00,0xD0,0x81,0x8A,0x00,
    0x73,0x68,0x6F,0x74,0x67,0x75,0x6E,0x62,0x61,0x64,0x00,0x00,0x00,0x00,0x00,0x00,0x73,0x68,0x6F,0x74,0x67,0x75,0x6E,0x00,0x00,0x00,0x00,0x00,0x00,0x00,0x00,0x00,
    0x07,0x00,0x00,0x00,0x02,0x00,0x00,0x00,0xD0,0x80,0x8A,0x00,0x10,0x82,0x8A,0x00,0x62,0x75,0x64,0x64,0x79,0x00,0x00,0x00,0x00,0x00,0x00,0x00,0x00,0x00,0x00,0x00,
    0x62,0x75,0x64,0x64,0x79,0x00,0x00,0x00,0x00,0x00,0x00,0x00,0x00,0x00,0x00,0x00,0x07,0x00,0x00,0x00,0x04,0x00,0x00,0x00,0xD8,0x80,0x8A,0x00,0xD0,0x81,0x8A,0x00,
    0x62,0x75,0x64,0x64,0x79,0x62,0x61,0x64,0x00,0x00,0x00,0x00,0x00,0x00,0x00,0x00,0x62,0x75,0x64,0x64,0x79,0x00,0x00,0x00,0x00,0x00,0x00,0x00,0x00,0x00,0x00,0x00,
    0x07,0x00,0x00,0x00,0x04,0x00,0x00,0x00,0xE8,0x80,0x8A,0x00,0x10,0x82,0x8A,0x00,0x75,0x7A,0x69,0x00,0x00,0x00,0x00,0x00,0x00,0x00,0x00,0x00,0x00,0x00,0x00,0x00,
    0x75,0x7A,0x69,0x00,0x00,0x00,0x00,0x00,0x00,0x00,0x00,0x00,0x00,0x00,0x00,0x00,0x07,0x00,0x00,0x00,0x04,0x00,0x00,0x00,0xF8,0x80,0x8A,0x00,0xD0,0x81,0x8A,0x00,
    0x75,0x7A,0x69,0x62,0x61,0x64,0x00,0x00,0x00,0x00,0x00,0x00,0x00,0x00,0x00,0x00,0x75,0x7A,0x69,0x00,0x00,0x00,0x00,0x00,0x00,0x00,0x00,0x00,0x00,0x00,0x00,0x00,
    0x07,0x00,0x00,0x00,0x04,0x00,0x00,0x00,0x08,0x81,0x8A,0x00,0xF0,0x81,0x8A,0x00,0x72,0x69,0x66,0x6C,0x65,0x00,0x00,0x00,0x00,0x00,0x00,0x00,0x00,0x00,0x00,0x00,
    0x72,0x69,0x66,0x6C,0x65,0x00,0x00,0x00,0x00,0x00,0x00,0x00,0x00,0x00,0x00,0x00,0x07,0x00,0x00,0x00,0x04,0x00,0x00,0x00,0x18,0x81,0x8A,0x00,0xD0,0x81,0x8A,0x00,
    0x72,0x69,0x66,0x6C,0x65,0x62,0x61,0x64,0x00,0x00,0x00,0x00,0x00,0x00,0x00,0x00,0x72,0x69,0x66,0x6C,0x65,0x00,0x00,0x00,0x00,0x00,0x00,0x00,0x00,0x00,0x00,0x00,
    0x07,0x00,0x00,0x00,0x04,0x00,0x00,0x00,0x28,0x81,0x8A,0x00,0xF0,0x81,0x8A,0x00,0x73,0x6E,0x69,0x70,0x65,0x72,0x00,0x00,0x00,0x00,0x00,0x00,0x00,0x00,0x00,0x00,
    0x72,0x69,0x66,0x6C,0x65,0x00,0x00,0x00,0x00,0x00,0x00,0x00,0x00,0x00,0x00,0x00,0x07,0x00,0x00,0x00,0x04,0x00,0x00,0x00,0x18,0x81,0x8A,0x00,0xD0,0x81,0x8A,0x00,
    0x67,0x72,0x65,0x6E,0x61,0x64,0x65,0x00,0x00,0x00,0x00,0x00,0x00,0x00,0x00,0x00,0x67,0x72,0x65,0x6E,0x61,0x64,0x65,0x00,0x00,0x00,0x00,0x00,0x00,0x00,0x00,0x00,
    0x07,0x00,0x00,0x00,0x03,0x00,0x00,0x00,0x3C,0x81,0x8A,0x00,0x30,0x82,0x8A,0x00,0x66,0x6C,0x61,0x6D,0x65,0x00,0x00,0x00,0x00,0x00,0x00,0x00,0x00,0x00,0x00,0x00,
    0x66,0x6C,0x61,0x6D,0x65,0x00,0x00,0x00,0x00,0x00,0x00,0x00,0x00,0x00,0x00,0x00,0x07,0x00,0x00,0x00,0x01,0x00,0x00,0x00,0x48,0x81,0x8A,0x00,0xD0,0x81,0x8A,0x00,
    0x72,0x6F,0x63,0x6B,0x65,0x74,0x00,0x00,0x00,0x00,0x00,0x00,0x00,0x00,0x00,0x00,0x72,0x6F,0x63,0x6B,0x65,0x74,0x00,0x00,0x00,0x00,0x00,0x00,0x00,0x00,0x00,0x00,
    0x07,0x00,0x00,0x00,0x01,0x00,0x00,0x00,0x4C,0x81,0x8A,0x00,0xD0,0x81,0x8A,0x00,0x73,0x70,0x72,0x61,0x79,0x63,0x61,0x6E,0x00,0x00,0x00,0x00,0x00,0x00,0x00,0x00,
    0x73,0x70,0x72,0x61,0x79,0x63,0x61,0x6E,0x00,0x00,0x00,0x00,0x00,0x00,0x00,0x00,0x07,0x00,0x00,0x00,0x01,0x00,0x00,0x00,0x50,0x81,0x8A,0x00,0xD0,0x81,0x8A,0x00,
    0x67,0x6F,0x67,0x67,0x6C,0x65,0x73,0x00,0x00,0x00,0x00,0x00,0x00,0x00,0x00,0x00,0x67,0x6F,0x67,0x67,0x6C,0x65,0x73,0x00,0x00,0x00,0x00,0x00,0x00,0x00,0x00,0x00,
    0x07,0x00,0x00,0x00,0x01,0x00,0x00,0x00,0x54,0x81,0x8A,0x00,0xD0,0x81,0x8A,0x00,0x6D,0x65,0x6C,0x65,0x65,0x5F,0x31,0x00,0x00,0x00,0x00,0x00,0x00,0x00,0x00,0x00,
    0x70,0x65,0x64,0x00,0x00,0x00,0x00,0x00,0x00,0x00,0x00,0x00,0x00,0x00,0x00,0x00,0x07,0x00,0x00,0x00,0x0A,0x00,0x00,0x00,0x48,0x82,0x8A,0x00,0x08,0x84,0x8A,0x00,
    0x6D,0x65,0x6C,0x65,0x65,0x5F,0x32,0x00,0x00,0x00,0x00,0x00,0x00,0x00,0x00,0x00,0x66,0x69,0x67,0x68,0x74,0x5F,0x62,0x00,0x00,0x00,0x00,0x00,0x00,0x00,0x00,0x00,
    0x07,0x00,0x00,0x00,0x0A,0x00,0x00,0x00,0x70,0x82,0x8A,0x00,0x08,0x84,0x8A,0x00,0x6D,0x65,0x6C,0x65,0x65,0x5F,0x33,0x00,0x00,0x00,0x00,0x00,0x00,0x00,0x00,0x00,
    0x66,0x69,0x67,0x68,0x74,0x5F,0x63,0x00,0x00,0x00,0x00,0x00,0x00,0x00,0x00,0x00,0x07,0x00,0x00,0x00,0x0A,0x00,0x00,0x00,0x98,0x82,0x8A,0x00,0x58,0x84,0x8A,0x00,
    0x6D,0x65,0x6C,0x65,0x65,0x5F,0x34,0x00,0x00,0x00,0x00,0x00,0x00,0x00,0x00,0x00,0x66,0x69,0x67,0x68,0x74,0x5F,0x64,0x00,0x00,0x00,0x00,0x00,0x00,0x00,0x00,0x00,
    0x07,0x00,0x00,0x00,0x0A,0x00,0x00,0x00,0xC0,0x82,0x8A,0x00,0x08,0x84,0x8A,0x00,0x62,0x62,0x62,0x61,0x74,0x5F,0x31,0x00,0x00,0x00,0x00,0x00,0x00,0x00,0x00,0x00,
    0x62,0x61,0x73,0x65,0x62,0x61,0x6C,0x6C,0x00,0x00,0x00,0x00,0x00,0x00,0x00,0x00,0x07,0x00,0x00,0x00,0x0A,0x00,0x00,0x00,0xE8,0x82,0x8A,0x00,0x08,0x84,0x8A,0x00,
    0x67,0x63,0x6C,0x75,0x62,0x5F,0x31,0x00,0x00,0x00,0x00,0x00,0x00,0x00,0x00,0x00,0x62,0x61,0x73,0x65,0x62,0x61,0x6C,0x6C,0x00,0x00,0x00,0x00,0x00,0x00,0x00,0x00,
    0x07,0x00,0x00,0x00,0x0A,0x00,0x00,0x00,0xE8,0x82,0x8A,0x00,0x08,0x84,0x8A,0x00,0x6B,0x6E,0x69,0x66,0x65,0x5F,0x31,0x00,0x00,0x00,0x00,0x00,0x00,0x00,0x00,0x00,
    0x6B,0x6E,0x69,0x66,0x65,0x00,0x00,0x00,0x00,0x00,0x00,0x00,0x00,0x00,0x00,0x00,0x07,0x00,0x00,0x00,0x0A,0x00,0x00,0x00,0x10,0x83,0x8A,0x00,0x08,0x84,0x8A,0x00,
    0x73,0x77,0x6F,0x72,0x64,0x5F,0x31,0x00,0x00,0x00,0x00,0x00,0x00,0x00,0x00,0x00,0x73,0x77,0x6F,0x72,0x64,0x00,0x00,0x00,0x00,0x00,0x00,0x00,0x00,0x00,0x00,0x00,
    0x07,0x00,0x00,0x00,0x0A,0x00,0x00,0x00,0x38,0x83,0x8A,0x00,0x08,0x84,0x8A,0x00,0x64,0x69,0x6C,0x64,0x6F,0x5F,0x31,0x00,0x00,0x00,0x00,0x00,0x00,0x00,0x00,0x00,
    0x64,0x69,0x6C,0x64,0x6F,0x00,0x00,0x00,0x00,0x00,0x00,0x00,0x00,0x00,0x00,0x00,0x07,0x00,0x00,0x00,0x0A,0x00,0x00,0x00,0x60,0x83,0x8A,0x00,0x08,0x84,0x8A,0x00,
    0x66,0x6C,0x6F,0x77,0x65,0x72,0x73,0x5F,0x31,0x00,0x00,0x00,0x00,0x00,0x00,0x00,0x66,0x6C,0x6F,0x77,0x65,0x72,0x73,0x00,0x00,0x00,0x00,0x00,0x00,0x00,0x00,0x00,
    0x07,0x00,0x00,0x00,0x08,0x00,0x00,0x00,0x88,0x83,0x8A,0x00,0x08,0x84,0x8A,0x00,0x63,0x73,0x61,0x77,0x5F,0x31,0x00,0x00,0x00,0x00,0x00,0x00,0x00,0x00,0x00,0x00,
    0x63,0x68,0x61,0x69,0x6E,0x73,0x61,0x77,0x00,0x00,0x00,0x00,0x00,0x00,0x00,0x00,0x07,0x00,0x00,0x00,0x0A,0x00,0x00,0x00,0xA8,0x83,0x8A,0x00,0x08,0x84,0x8A,0x00,
    0x6B,0x69,0x63,0x6B,0x5F,0x73,0x74,0x64,0x00,0x00,0x00,0x00,0x00,0x00,0x00,0x00,0x66,0x69,0x67,0x68,0x74,0x5F,0x65,0x00,0x00,0x00,0x00,0x00,0x00,0x00,0x00,0x00,
    0x07,0x00,0x00,0x00,0x07,0x00,0x00,0x00,0xD0,0x83,0x8A,0x00,0x08,0x84,0x8A,0x00,0x70,0x69,0x73,0x74,0x6C,0x77,0x68,0x70,0x00,0x00,0x00,0x00,0x00,0x00,0x00,0x00,
    0x70,0x65,0x64,0x00,0x00,0x00,0x00,0x00,0x00,0x00,0x00,0x00,0x00,0x00,0x00,0x00,0x07,0x00,0x00,0x00,0x07,0x00,0x00,0x00,0xEC,0x83,0x8A,0x00,0x08,0x84,0x8A,0x00,
    0x6D,0x65,0x64,0x69,0x63,0x00,0x00,0x00,0x00,0x00,0x00,0x00,0x00,0x00,0x00,0x00,0x6D,0x65,0x64,0x69,0x63,0x00,0x00,0x00,0x00,0x00,0x00,0x00,0x00,0x00,0x00,0x00,
    0x07,0x00,0x00,0x00,0x01,0x00,0x00,0x00,0xF8,0x88,0x8A,0x00,0xFC,0x88,0x8A,0x00,0x62,0x65,0x61,0x63,0x68,0x00,0x00,0x00,0x00,0x00,0x00,0x00,0x00,0x00,0x00,0x00,
    0x62,0x65,0x61,0x63,0x68,0x00,0x00,0x00,0x00,0x00,0x00,0x00,0x00,0x00,0x00,0x00,0x07,0x00,0x00,0x00,0x05,0x00,0x00,0x00,0x68,0x85,0x8A,0x00,0x7C,0x85,0x8A,0x00,
    0x73,0x75,0x6E,0x62,0x61,0x74,0x68,0x65,0x00,0x00,0x00,0x00,0x00,0x00,0x00,0x00,0x73,0x75,0x6E,0x62,0x61,0x74,0x68,0x65,0x00,0x00,0x00,0x00,0x00,0x00,0x00,0x00,
    0x07,0x00,0x00,0x00,0x10,0x00,0x00,0x00,0xA8,0x85,0x8A,0x00,0xE8,0x85,0x8A,0x00,0x70,0x6C,0x61,0x79,0x69,0x64,0x6C,0x65,0x73,0x00,0x00,0x00,0x00,0x00,0x00,0x00,
    0x70,0x6C,0x61,0x79,0x69,0x64,0x6C,0x65,0x73,0x00,0x00,0x00,0x00,0x00,0x00,0x00,0x07,0x00,0x00,0x00,0x04,0x00,0x00,0x00,0x04,0x89,0x8A,0x00,0x14,0x89,0x8A,0x00,
    0x72,0x69,0x6F,0x74,0x00,0x00,0x00,0x00,0x00,0x00,0x00,0x00,0x00,0x00,0x00,0x00,0x72,0x69,0x6F,0x74,0x00,0x00,0x00,0x00,0x00,0x00,0x00,0x00,0x00,0x00,0x00,0x00,
    0x07,0x00,0x00,0x00,0x07,0x00,0x00,0x00,0x34,0x89,0x8A,0x00,0x50,0x89,0x8A,0x00,0x73,0x74,0x72,0x69,0x70,0x00,0x00,0x00,0x00,0x00,0x00,0x00,0x00,0x00,0x00,0x00,
    0x73,0x74,0x72,0x69,0x70,0x00,0x00,0x00,0x00,0x00,0x00,0x00,0x00,0x00,0x00,0x00,0x07,0x00,0x00,0x00,0x07,0x00,0x00,0x00,0x88,0x89,0x8A,0x00,0xA4,0x89,0x8A,0x00,
    0x67,0x61,0x6E,0x67,0x73,0x00,0x00,0x00,0x00,0x00,0x00,0x00,0x00,0x00,0x00,0x00,0x67,0x61,0x6E,0x67,0x73,0x00,0x00,0x00,0x00,0x00,0x00,0x00,0x00,0x00,0x00,0x00,
    0x07,0x00,0x00,0x00,0x1D,0x00,0x00,0x00,0x68,0x86,0x8A,0x00,0xE0,0x86,0x8A,0x00,0x61,0x74,0x74,0x72,0x61,0x63,0x74,0x6F,0x72,0x73,0x00,0x00,0x00,0x00,0x00,0x00,
    0x61,0x74,0x74,0x72,0x61,0x63,0x74,0x6F,0x72,0x73,0x00,0x00,0x00,0x00,0x00,0x00,0x07,0x00,0x00,0x00,0x03,0x00,0x00,0x00,0xC8,0x87,0x8A,0x00,0xD4,0x87,0x8A,0x00,
    0x70,0x6C,0x61,0x79,0x65,0x72,0x00,0x00,0x00,0x00,0x00,0x00,0x00,0x00,0x00,0x00,0x70,0x65,0x64,0x00,0x00,0x00,0x00,0x00,0x00,0x00,0x00,0x00,0x00,0x00,0x00,0x00,
    0x07,0x00,0x00,0x00,0x06,0x00,0x00,0x00,0xA4,0x8A,0x8A,0x00,0x88,0x77,0x8A,0x00,0x66,0x61,0x74,0x00,0x00,0x00,0x00,0x00,0x00,0x00,0x00,0x00,0x00,0x00,0x00,0x00,
    0x66,0x61,0x74,0x00,0x00,0x00,0x00,0x00,0x00,0x00,0x00,0x00,0x00,0x00,0x00,0x00,0x07,0x00,0x00,0x00,0x06,0x00,0x00,0x00,0xBC,0x8A,0x8A,0x00,0x88,0x77,0x8A,0x00,
    0x6D,0x75,0x73,0x63,0x75,0x6C,0x61,0x72,0x00,0x00,0x00,0x00,0x00,0x00,0x00,0x00,0x6D,0x75,0x73,0x63,0x75,0x6C,0x61,0x72,0x00,0x00,0x00,0x00,0x00,0x00,0x00,0x00,
    0x07,0x00,0x00,0x00,0x06,0x00,0x00,0x00,0xD4,0x8A,0x8A,0x00,0x88,0x77,0x8A,0x00,0x70,0x6C,0x61,0x79,0x65,0x72,0x72,0x6F,0x63,0x6B,0x65,0x74,0x00,0x00,0x00,0x00,
    0x70,0x65,0x64,0x00,0x00,0x00,0x00,0x00,0x00,0x00,0x00,0x00,0x00,0x00,0x00,0x00,0x07,0x00,0x00,0x00,0x06,0x00,0x00,0x00,0xEC,0x8A,0x8A,0x00,0x88,0x77,0x8A,0x00,
    0x70,0x6C,0x61,0x79,0x65,0x72,0x72,0x6F,0x63,0x6B,0x65,0x74,0x66,0x00,0x00,0x00,0x66,0x61,0x74,0x00,0x00,0x00,0x00,0x00,0x00,0x00,0x00,0x00,0x00,0x00,0x00,0x00,
    0x07,0x00,0x00,0x00,0x06,0x00,0x00,0x00,0x04,0x8B,0x8A,0x00,0x88,0x77,0x8A,0x00,0x70,0x6C,0x61,0x79,0x65,0x72,0x72,0x6F,0x63,0x6B,0x65,0x74,0x6D,0x00,0x00,0x00,
    0x6D,0x75,0x73,0x63,0x75,0x6C,0x61,0x72,0x00,0x00,0x00,0x00,0x00,0x00,0x00,0x00,0x07,0x00,0x00,0x00,0x06,0x00,0x00,0x00,0x1C,0x8B,0x8A,0x00,0x88,0x77,0x8A,0x00,
    0x70,0x6C,0x61,0x79,0x65,0x72,0x32,0x61,0x72,0x6D,0x65,0x64,0x00,0x00,0x00,0x00,0x70,0x65,0x64,0x00,0x00,0x00,0x00,0x00,0x00,0x00,0x00,0x00,0x00,0x00,0x00,0x00,
    0x07,0x00,0x00,0x00,0x06,0x00,0x00,0x00,0x34,0x8B,0x8A,0x00,0x88,0x77,0x8A,0x00,0x70,0x6C,0x61,0x79,0x65,0x72,0x32,0x61,0x72,0x6D,0x65,0x64,0x66,0x00,0x00,0x00,
    0x66,0x61,0x74,0x00,0x00,0x00,0x00,0x00,0x00,0x00,0x00,0x00,0x00,0x00,0x00,0x00,0x07,0x00,0x00,0x00,0x06,0x00,0x00,0x00,0x4C,0x8B,0x8A,0x00,0x88,0x77,0x8A,0x00,
    0x70,0x6C,0x61,0x79,0x65,0x72,0x32,0x61,0x72,0x6D,0x65,0x64,0x6D,0x00,0x00,0x00,0x6D,0x75,0x73,0x63,0x75,0x6C,0x61,0x72,0x00,0x00,0x00,0x00,0x00,0x00,0x00,0x00,
    0x07,0x00,0x00,0x00,0x06,0x00,0x00,0x00,0x64,0x8B,0x8A,0x00,0x88,0x77,0x8A,0x00,0x70,0x6C,0x61,0x79,0x65,0x72,0x42,0x42,0x42,0x61,0x74,0x00,0x00,0x00,0x00,0x00,
    0x70,0x65,0x64,0x00,0x00,0x00,0x00,0x00,0x00,0x00,0x00,0x00,0x00,0x00,0x00,0x00,0x07,0x00,0x00,0x00,0x06,0x00,0x00,0x00,0x7C,0x8B,0x8A,0x00,0x88,0x77,0x8A,0x00,
    0x70,0x6C,0x61,0x79,0x65,0x72,0x42,0x42,0x42,0x61,0x74,0x66,0x00,0x00,0x00,0x00,0x66,0x61,0x74,0x00,0x00,0x00,0x00,0x00,0x00,0x00,0x00,0x00,0x00,0x00,0x00,0x00,
    0x07,0x00,0x00,0x00,0x06,0x00,0x00,0x00,0x94,0x8B,0x8A,0x00,0x88,0x77,0x8A,0x00,0x70,0x6C,0x61,0x79,0x65,0x72,0x42,0x42,0x42,0x61,0x74,0x6D,0x00,0x00,0x00,0x00,
    0x6D,0x75,0x73,0x63,0x75,0x6C,0x61,0x72,0x00,0x00,0x00,0x00,0x00,0x00,0x00,0x00,0x07,0x00,0x00,0x00,0x06,0x00,0x00,0x00,0xAC,0x8B,0x8A,0x00,0x88,0x77,0x8A,0x00,
    0x70,0x6C,0x61,0x79,0x65,0x72,0x63,0x73,0x61,0x77,0x00,0x00,0x00,0x00,0x00,0x00,0x70,0x65,0x64,0x00,0x00,0x00,0x00,0x00,0x00,0x00,0x00,0x00,0x00,0x00,0x00,0x00,
    0x07,0x00,0x00,0x00,0x06,0x00,0x00,0x00,0xC4,0x8B,0x8A,0x00,0x88,0x77,0x8A,0x00,0x70,0x6C,0x61,0x79,0x65,0x72,0x63,0x73,0x61,0x77,0x66,0x00,0x00,0x00,0x00,0x00,
    0x66,0x61,0x74,0x00,0x00,0x00,0x00,0x00,0x00,0x00,0x00,0x00,0x00,0x00,0x00,0x00,0x07,0x00,0x00,0x00,0x06,0x00,0x00,0x00,0xDC,0x8B,0x8A,0x00,0x88,0x77,0x8A,0x00,
    0x70,0x6C,0x61,0x79,0x65,0x72,0x63,0x73,0x61,0x77,0x6D,0x00,0x00,0x00,0x00,0x00,0x6D,0x75,0x73,0x63,0x75,0x6C,0x61,0x72,0x00,0x00,0x00,0x00,0x00,0x00,0x00,0x00,
    0x07,0x00,0x00,0x00,0x06,0x00,0x00,0x00,0xF4,0x8B,0x8A,0x00,0x88,0x77,0x8A,0x00,0x70,0x6C,0x61,0x79,0x65,0x72,0x73,0x6E,0x65,0x61,0x6B,0x00,0x00,0x00,0x00,0x00,
    0x70,0x65,0x64,0x00,0x00,0x00,0x00,0x00,0x00,0x00,0x00,0x00,0x00,0x00,0x00,0x00,0x07,0x00,0x00,0x00,0x06,0x00,0x00,0x00,0x0C,0x8C,0x8A,0x00,0x88,0x77,0x8A,0x00,
    0x70,0x6C,0x61,0x79,0x65,0x72,0x6A,0x65,0x74,0x70,0x61,0x63,0x6B,0x00,0x00,0x00,0x70,0x65,0x64,0x00,0x00,0x00,0x00,0x00,0x00,0x00,0x00,0x00,0x00,0x00,0x00,0x00,
    0x07,0x00,0x00,0x00,0x06,0x00,0x00,0x00,0x24,0x8C,0x8A,0x00,0x88,0x77,0x8A,0x00,0x73,0x77,0x69,0x6D,0x00,0x00,0x00,0x00,0x00,0x00,0x00,0x00,0x00,0x00,0x00,0x00,
    0x73,0x77,0x69,0x6D,0x00,0x00,0x00,0x00,0x00,0x00,0x00,0x00,0x00,0x00,0x00,0x00,0x07,0x00,0x00,0x00,0x06,0x00,0x00,0x00,0x3C,0x8C,0x8A,0x00,0x54,0x8C,0x8A,0x00,
    0x64,0x72,0x69,0x76,0x65,0x62,0x79,0x73,0x00,0x00,0x00,0x00,0x00,0x00,0x00,0x00,0x64,0x72,0x69,0x76,0x65,0x62,0x79,0x73,0x00,0x00,0x00,0x00,0x00,0x00,0x00,0x00,
    0x07,0x00,0x00,0x00,0x08,0x00,0x00,0x00,0xD8,0x84,0x8A,0x00,0x28,0x85,0x8A,0x00,0x62,0x69,0x6B,0x65,0x5F,0x64,0x62,0x7A,0x00,0x00,0x00,0x00,0x00,0x00,0x00,0x00,
    0x62,0x69,0x6B,0x65,0x5F,0x64,0x62,0x7A,0x00,0x00,0x00,0x00,0x00,0x00,0x00,0x00,0x07,0x00,0x00,0x00,0x04,0x00,0x00,0x00,0xF8,0x84,0x8A,0x00,0x28,0x85,0x8A,0x00,
    0x63,0x6F,0x70,0x5F,0x64,0x62,0x7A,0x00,0x00,0x00,0x00,0x00,0x00,0x00,0x00,0x00,0x63,0x6F,0x70,0x5F,0x64,0x76,0x62,0x79,0x7A,0x00,0x00,0x00,0x00,0x00,0x00,0x00,
    0x07,0x00,0x00,0x00,0x04,0x00,0x00,0x00,0x08,0x85,0x8A,0x00,0x28,0x85,0x8A,0x00,0x71,0x75,0x61,0x64,0x5F,0x64,0x62,0x7A,0x00,0x00,0x00,0x00,0x00,0x00,0x00,0x00,
    0x71,0x75,0x61,0x64,0x5F,0x64,0x62,0x7A,0x00,0x00,0x00,0x00,0x00,0x00,0x00,0x00,0x07,0x00,0x00,0x00,0x04,0x00,0x00,0x00,0x18,0x85,0x8A,0x00,0x28,0x85,0x8A,0x00,
    0x66,0x61,0x74,0x5F,0x74,0x69,0x72,0x65,0x64,0x00,0x00,0x00,0x00,0x00,0x00,0x00,0x66,0x61,0x74,0x00,0x00,0x00,0x00,0x00,0x00,0x00,0x00,0x00,0x00,0x00,0x00,0x00,
    0x07,0x00,0x00,0x00,0x01,0x00,0x00,0x00,0xC0,0x8C,0x8A,0x00,0xC4,0x8C,0x8A,0x00,0x68,0x61,0x6E,0x64,0x73,0x69,0x67,0x6E,0x61,0x6C,0x00,0x00,0x00,0x00,0x00,0x00,
    0x67,0x68,0x61,0x6E,0x64,0x73,0x00,0x00,0x00,0x00,0x00,0x00,0x00,0x00,0x00,0x00,0x07,0x00,0x00,0x00,0x05,0x00,0x00,0x00,0xDC,0x89,0x8A,0x00,0x2C,0x8A,0x8A,0x00,
    0x68,0x61,0x6E,0x64,0x73,0x69,0x67,0x6E,0x61,0x6C,0x4C,0x00,0x00,0x00,0x00,0x00,0x67,0x68,0x61,0x6E,0x64,0x73,0x00,0x00,0x00,0x00,0x00,0x00,0x00,0x00,0x00,0x00,
    0x07,0x00,0x00,0x00,0x05,0x00,0x00,0x00,0xF0,0x89,0x8A,0x00,0x54,0x8A,0x8A,0x00,0x6C,0x68,0x61,0x6E,0x64,0x00,0x00,0x00,0x00,0x00,0x00,0x00,0x00,0x00,0x00,0x00,
    0x67,0x68,0x61,0x6E,0x64,0x73,0x00,0x00,0x00,0x00,0x00,0x00,0x00,0x00,0x00,0x00,0x07,0x00,0x00,0x00,0x05,0x00,0x00,0x00,0x04,0x8A,0x8A,0x00,0x7C,0x8A,0x8A,0x00,
    0x72,0x68,0x61,0x6E,0x64,0x00,0x00,0x00,0x00,0x00,0x00,0x00,0x00,0x00,0x00,0x00,0x67,0x68,0x61,0x6E,0x64,0x73,0x00,0x00,0x00,0x00,0x00,0x00,0x00,0x00,0x00,0x00,
    0x07,0x00,0x00,0x00,0x05,0x00,0x00,0x00,0x18,0x8A,0x8A,0x00,0x7C,0x8A,0x8A,0x00,0x63,0x61,0x72,0x72,0x79,0x00,0x00,0x00,0x00,0x00,0x00,0x00,0x00,0x00,0x00,0x00,
    0x63,0x61,0x72,0x72,0x79,0x00,0x00,0x00,0x00,0x00,0x00,0x00,0x00,0x00,0x00,0x00,0x07,0x00,0x00,0x00,0x03,0x00,0x00,0x00,0x84,0x8C,0x8A,0x00,0xA8,0x8C,0x8A,0x00,
    0x63,0x61,0x72,0x72,0x79,0x30,0x35,0x00,0x00,0x00,0x00,0x00,0x00,0x00,0x00,0x00,0x63,0x61,0x72,0x72,0x79,0x00,0x00,0x00,0x00,0x00,0x00,0x00,0x00,0x00,0x00,0x00,
    0x07,0x00,0x00,0x00,0x03,0x00,0x00,0x00,0x90,0x8C,0x8A,0x00,0xA8,0x8C,0x8A,0x00,0x63,0x61,0x72,0x72,0x79,0x31,0x30,0x35,0x00,0x00,0x00,0x00,0x00,0x00,0x00,0x00,
    0x63,0x61,0x72,0x72,0x79,0x00,0x00,0x00,0x00,0x00,0x00,0x00,0x00,0x00,0x00,0x00,0x07,0x00,0x00,0x00,0x03,0x00,0x00,0x00,0x9C,0x8C,0x8A,0x00,0xA8,0x8C,0x8A,0x00,
    0x69,0x6E,0x74,0x5F,0x68,0x6F,0x75,0x73,0x65,0x00,0x00,0x00,0x00,0x00,0x00,0x00,0x69,0x6E,0x74,0x5F,0x68,0x6F,0x75,0x73,0x65,0x00,0x00,0x00,0x00,0x00,0x00,0x00,
    0x07,0x00,0x00,0x00,0x0A,0x00,0x00,0x00,0xEC,0x87,0x8A,0x00,0x48,0x88,0x8A,0x00,0x69,0x6E,0x74,0x5F,0x6F,0x66,0x66,0x69,0x63,0x65,0x00,0x00,0x00,0x00,0x00,0x00,
    0x69,0x6E,0x74,0x5F,0x6F,0x66,0x66,0x69,0x63,0x65,0x00,0x00,0x00,0x00,0x00,0x00,0x07,0x00,0x00,0x00,0x09,0x00,0x00,0x00,0x14,0x88,0x8A,0x00,0x98,0x88,0x8A,0x00,
    0x69,0x6E,0x74,0x5F,0x73,0x68,0x6F,0x70,0x00,0x00,0x00,0x00,0x00,0x00,0x00,0x00,0x69,0x6E,0x74,0x5F,0x73,0x68,0x6F,0x70,0x00,0x00,0x00,0x00,0x00,0x00,0x00,0x00,
    0x07,0x00,0x00,0x00,0x03,0x00,0x00,0x00,0x38,0x88,0x8A,0x00,0xE0,0x88,0x8A,0x00,0x73,0x74,0x65,0x61,0x6C,0x74,0x68,0x5F,0x6B,0x6E,0x00,0x00,0x00,0x00,0x00,0x00,
    0x6B,0x6E,0x69,0x66,0x65,0x00,0x00,0x00,0x00,0x00,0x00,0x00,0x00,0x00,0x00,0x00,0x07,0x00,0x00,0x00,0x04,0x00,0x00,0x00,0xA8,0x84,0x8A,0x00,0xB8,0x84,0x8A,0x00,
    0x73,0x74,0x64,0x63,0x61,0x72,0x61,0x6D,0x69,0x6D,0x73,0x00,0x00,0x00,0x00,0x00,0x70,0x65,0x64,0x00,0x00,0x00,0x00,0x00,0x00,0x00,0x00,0x00,0x00,0x00,0x00,0x00,
    0x07,0x00,0x00,0x00,0x28,0x00,0x00,0x00,0x28,0x8F,0x8A,0x00,0x68,0x9F,0x8A,0x00,0x6C,0x6F,0x77,0x63,0x61,0x72,0x61,0x6D,0x69,0x6D,0x73,0x00,0x00,0x00,0x00,0x00,
    0x70,0x65,0x64,0x00,0x00,0x00,0x00,0x00,0x00,0x00,0x00,0x00,0x00,0x00,0x00,0x00,0x07,0x00,0x00,0x00,0x28,0x00,0x00,0x00,0xC8,0x8F,0x8A,0x00,0xA8,0xA0,0x8A,0x00,
    0x74,0x72,0x6B,0x63,0x61,0x72,0x61,0x6E,0x69,0x6D,0x73,0x00,0x00,0x00,0x00,0x00,0x74,0x72,0x75,0x63,0x6B,0x00,0x00,0x00,0x00,0x00,0x00,0x00,0x00,0x00,0x00,0x00,
    0x07,0x00,0x00,0x00,0x28,0x00,0x00,0x00,0x68,0x90,0x8A,0x00,0xE8,0xA1,0x8A,0x00,0x73,0x74,0x64,0x62,0x69,0x6B,0x65,0x61,0x6E,0x69,0x6D,0x73,0x00,0x00,0x00,0x00,
    0x70,0x65,0x64,0x00,0x00,0x00,0x00,0x00,0x00,0x00,0x00,0x00,0x00,0x00,0x00,0x00,0x07,0x00,0x00,0x00,0x28,0x00,0x00,0x00,0x08,0x91,0x8A,0x00,0x28,0xA3,0x8A,0x00,
    0x73,0x70,0x6F,0x72,0x74,0x62,0x69,0x6B,0x65,0x61,0x6E,0x69,0x6D,0x73,0x00,0x00,0x62,0x69,0x6B,0x65,0x73,0x00,0x00,0x00,0x00,0x00,0x00,0x00,0x00,0x00,0x00,0x00,
    0x07,0x00,0x00,0x00,0x28,0x00,0x00,0x00,0xA8,0x91,0x8A,0x00,0x28,0xA3,0x8A,0x00,0x76,0x65,0x73,0x70,0x61,0x62,0x69,0x6B,0x65,0x61,0x6E,0x69,0x6D,0x73,0x00,0x00,
    0x62,0x69,0x6B,0x65,0x76,0x00,0x00,0x00,0x00,0x00,0x00,0x00,0x00,0x00,0x00,0x00,0x07,0x00,0x00,0x00,0x28,0x00,0x00,0x00,0x48,0x92,0x8A,0x00,0x28,0xA3,0x8A,0x00,
    0x68,0x61,0x72,0x6C,0x65,0x79,0x62,0x69,0x6B,0x65,0x61,0x6E,0x69,0x6D,0x73,0x00,0x62,0x69,0x6B,0x65,0x68,0x00,0x00,0x00,0x00,0x00,0x00,0x00,0x00,0x00,0x00,0x00,
    0x07,0x00,0x00,0x00,0x28,0x00,0x00,0x00,0xE8,0x92,0x8A,0x00,0x28,0xA3,0x8A,0x00,0x64,0x69,0x72,0x74,0x62,0x69,0x6B,0x65,0x61,0x6E,0x69,0x6D,0x73,0x00,0x00,0x00,
    0x62,0x69,0x6B,0x65,0x64,0x00,0x00,0x00,0x00,0x00,0x00,0x00,0x00,0x00,0x00,0x00,0x07,0x00,0x00,0x00,0x28,0x00,0x00,0x00,0x88,0x93,0x8A,0x00,0x28,0xA3,0x8A,0x00,
    0x77,0x61,0x79,0x66,0x62,0x69,0x6B,0x65,0x61,0x6E,0x69,0x6D,0x73,0x00,0x00,0x00,0x77,0x61,0x79,0x66,0x61,0x72,0x65,0x72,0x00,0x00,0x00,0x00,0x00,0x00,0x00,0x00,
    0x07,0x00,0x00,0x00,0x28,0x00,0x00,0x00,0x28,0x94,0x8A,0x00,0x28,0xA3,0x8A,0x00,0x62,0x6D,0x78,0x62,0x69,0x6B,0x65,0x61,0x6E,0x69,0x6D,0x73,0x00,0x00,0x00,0x00,
    0x62,0x6D,0x78,0x00,0x00,0x00,0x00,0x00,0x00,0x00,0x00,0x00,0x00,0x00,0x00,0x00,0x07,0x00,0x00,0x00,0x28,0x00,0x00,0x00,0xC8,0x94,0x8A,0x00,0x28,0xA3,0x8A,0x00,
    0x6D,0x74,0x62,0x62,0x69,0x6B,0x65,0x61,0x6E,0x69,0x6D,0x73,0x00,0x00,0x00,0x00,0x6D,0x74,0x62,0x00,0x00,0x00,0x00,0x00,0x00,0x00,0x00,0x00,0x00,0x00,0x00,0x00,
    0x07,0x00,0x00,0x00,0x28,0x00,0x00,0x00,0x68,0x95,0x8A,0x00,0x28,0xA3,0x8A,0x00,0x63,0x68,0x6F,0x70,0x70,0x61,0x62,0x69,0x6B,0x65,0x61,0x6E,0x69,0x6D,0x73,0x00,
    0x63,0x68,0x6F,0x70,0x70,0x61,0x00,0x00,0x00,0x00,0x00,0x00,0x00,0x00,0x00,0x00,0x07,0x00,0x00,0x00,0x28,0x00,0x00,0x00,0x08,0x96,0x8A,0x00,0x28,0xA3,0x8A,0x00,
    0x71,0x75,0x61,0x64,0x62,0x69,0x6B,0x65,0x61,0x6E,0x69,0x6D,0x73,0x00,0x00,0x00,0x71,0x75,0x61,0x64,0x00,0x00,0x00,0x00,0x00,0x00,0x00,0x00,0x00,0x00,0x00,0x00,
    0x07,0x00,0x00,0x00,0x28,0x00,0x00,0x00,0xA8,0x96,0x8A,0x00,0x28,0xA3,0x8A,0x00,0x76,0x61,0x6E,0x63,0x61,0x72,0x61,0x6E,0x69,0x6D,0x73,0x00,0x00,0x00,0x00,0x00,
    0x76,0x61,0x6E,0x00,0x00,0x00,0x00,0x00,0x00,0x00,0x00,0x00,0x00,0x00,0x00,0x00,0x07,0x00,0x00,0x00,0x28,0x00,0x00,0x00,0x48,0x97,0x8A,0x00,0x68,0xA4,0x8A,0x00,
    0x72,0x75,0x73,0x74,0x70,0x6C,0x61,0x6E,0x65,0x61,0x6E,0x69,0x6D,0x73,0x00,0x00,0x72,0x75,0x73,0x74,0x6C,0x65,0x72,0x00,0x00,0x00,0x00,0x00,0x00,0x00,0x00,0x00,
    0x07,0x00,0x00,0x00,0x28,0x00,0x00,0x00,0xE8,0x97,0x8A,0x00,0x68,0xA4,0x8A,0x00,0x63,0x6F,0x61,0x63,0x68,0x63,0x61,0x72,0x61,0x6E,0x69,0x6D,0x73,0x00,0x00,0x00,
    0x63,0x6F,0x61,0x63,0x68,0x00,0x00,0x00,0x00,0x00,0x00,0x00,0x00,0x00,0x00,0x00,0x07,0x00,0x00,0x00,0x28,0x00,0x00,0x00,0x88,0x98,0x8A,0x00,0x68,0x9F,0x8A,0x00,
    0x62,0x75,0x73,0x63,0x61,0x72,0x61,0x6E,0x69,0x6D,0x73,0x00,0x00,0x00,0x00,0x00,0x62,0x75,0x73,0x00,0x00,0x00,0x00,0x00,0x00,0x00,0x00,0x00,0x00,0x00,0x00,0x00,
    0x07,0x00,0x00,0x00,0x28,0x00,0x00,0x00,0x28,0x99,0x8A,0x00,0x68,0x9F,0x8A,0x00,0x64,0x6F,0x7A,0x65,0x72,0x63,0x61,0x72,0x61,0x6E,0x69,0x6D,0x73,0x00,0x00,0x00,
    0x64,0x6F,0x7A,0x65,0x72,0x00,0x00,0x00,0x00,0x00,0x00,0x00,0x00,0x00,0x00,0x00,0x07,0x00,0x00,0x00,0x28,0x00,0x00,0x00,0xC8,0x99,0x8A,0x00,0x68,0x9F,0x8A,0x00,
    0x6B,0x61,0x72,0x74,0x63,0x61,0x72,0x61,0x6E,0x69,0x6D,0x73,0x00,0x00,0x00,0x00,0x6B,0x61,0x72,0x74,0x00,0x00,0x00,0x00,0x00,0x00,0x00,0x00,0x00,0x00,0x00,0x00,
    0x07,0x00,0x00,0x00,0x28,0x00,0x00,0x00,0x68,0x9A,0x8A,0x00,0x68,0x9F,0x8A,0x00,0x63,0x6F,0x6E,0x76,0x63,0x61,0x72,0x61,0x6E,0x69,0x6D,0x73,0x00,0x00,0x00,0x00,
    0x70,0x65,0x64,0x00,0x00,0x00,0x00,0x00,0x00,0x00,0x00,0x00,0x00,0x00,0x00,0x00,0x07,0x00,0x00,0x00,0x28,0x00,0x00,0x00,0x08,0x9B,0x8A,0x00,0x68,0x9F,0x8A,0x00,
    0x6D,0x74,0x72,0x6B,0x63,0x61,0x72,0x61,0x6E,0x69,0x6D,0x73,0x00,0x00,0x00,0x00,0x74,0x72,0x75,0x63,0x6B,0x00,0x00,0x00,0x00,0x00,0x00,0x00,0x00,0x00,0x00,0x00,
    0x07,0x00,0x00,0x00,0x28,0x00,0x00,0x00,0x68,0x90,0x8A,0x00,0xE8,0xA1,0x8A,0x00,0x74,0x72,0x61,0x69,0x6E,0x63,0x61,0x72,0x72,0x61,0x6E,0x69,0x6D,0x73,0x00,0x00,
    0x63,0x6F,0x61,0x63,0x68,0x00,0x00,0x00,0x00,0x00,0x00,0x00,0x00,0x00,0x00,0x00,0x07,0x00,0x00,0x00,0x28,0x00,0x00,0x00,0x88,0x98,0x8A,0x00,0x68,0x9F,0x8A,0x00,
    0x73,0x74,0x64,0x74,0x61,0x6C,0x6C,0x63,0x61,0x72,0x61,0x6D,0x69,0x6D,0x73,0x00,0x70,0x65,0x64,0x00,0x00,0x00,0x00,0x00,0x00,0x00,0x00,0x00,0x00,0x00,0x00,0x00,
    0x07,0x00,0x00,0x00,0x28,0x00,0x00,0x00,0x28,0x8F,0x8A,0x00,0x68,0x9F,0x8A,0x00,0x68,0x6F,0x76,0x65,0x72,0x63,0x61,0x72,0x61,0x6E,0x69,0x6D,0x73,0x00,0x00,0x00,
    0x76,0x6F,0x72,0x74,0x65,0x78,0x00,0x00,0x00,0x00,0x00,0x00,0x00,0x00,0x00,0x00,0x07,0x00,0x00,0x00,0x28,0x00,0x00,0x00,0xA8,0x9B,0x8A,0x00,0x68,0x9F,0x8A,0x00,
    0x74,0x61,0x6E,0x6B,0x63,0x61,0x72,0x61,0x6E,0x69,0x6D,0x73,0x00,0x00,0x00,0x00,0x74,0x61,0x6E,0x6B,0x00,0x00,0x00,0x00,0x00,0x00,0x00,0x00,0x00,0x00,0x00,0x00,
    0x07,0x00,0x00,0x00,0x28,0x00,0x00,0x00,0x48,0x9C,0x8A,0x00,0x68,0x9F,0x8A,0x00,0x62,0x66,0x69,0x6E,0x6A,0x63,0x61,0x72,0x61,0x6D,0x69,0x6D,0x73,0x00,0x00,0x00,
    0x42,0x46,0x5F,0x69,0x6E,0x6A,0x65,0x63,0x74,0x69,0x6F,0x6E,0x00,0x00,0x00,0x00,0x07,0x00,0x00,0x00,0x28,0x00,0x00,0x00,0xE8,0x9C,0x8A,0x00,0x68,0x9F,0x8A,0x00,
    0x6C,0x65,0x61,0x72,0x70,0x6C,0x61,0x6E,0x65,0x61,0x6E,0x69,0x6D,0x73,0x00,0x00,0x73,0x68,0x61,0x6D,0x61,0x6C,0x00,0x00,0x00,0x00,0x00,0x00,0x00,0x00,0x00,0x00,
    0x07,0x00,0x00,0x00,0x28,0x00,0x00,0x00,0x88,0x9D,0x8A,0x00,0x68,0xA4,0x8A,0x00,0x68,0x61,0x72,0x72,0x70,0x6C,0x61,0x6E,0x65,0x61,0x6E,0x69,0x6D,0x73,0x00,0x00,
    0x72,0x75,0x73,0x74,0x6C,0x65,0x72,0x00,0x00,0x00,0x00,0x00,0x00,0x00,0x00,0x00,0x07,0x00,0x00,0x00,0x28,0x00,0x00,0x00,0x28,0x9E,0x8A,0x00,0x68,0xA4,0x8A,0x00,
    0x73,0x74,0x64,0x63,0x61,0x72,0x75,0x70,0x72,0x69,0x67,0x68,0x74,0x00,0x00,0x00,0x70,0x65,0x64,0x00,0x00,0x00,0x00,0x00,0x00,0x00,0x00,0x00,0x00,0x00,0x00,0x00,
    0x07,0x00,0x00,0x00,0x28,0x00,0x00,0x00,0x28,0x8F,0x8A,0x00,0x68,0x9F,0x8A,0x00,0x6E,0x76,0x61,0x64,0x61,0x70,0x6C,0x61,0x6E,0x65,0x61,0x6E,0x69,0x6D,0x73,0x00,
    0x6E,0x65,0x76,0x61,0x64,0x61,0x00,0x00,0x00,0x00,0x00,0x00,0x00,0x00,0x00,0x00,0x07,0x00,0x00,0x00,0x28,0x00,0x00,0x00,0xC8,0x9E,0x8A,0x00,0x68,0xA4,0x8A,0x00,
    0x00,0x00,0x00,0x00,0x00,0x00,0x00,0x00,0x00,0x00,0x00,0x00,0x00,0x00,0x00,0x00,0x00,0x00,0x00,0x00,0x00,0x00,0x00,0x00,0x00,0x00,0x00,0x00,0x00,0x00,0x00,0x00,
    0x00,0x00,0x00,0x00,0x00,0x00,0x00,0x00,0x00,0x00,0x00,0x00,0x00,0x00,0x00,0x00,0x00,0x00,0x00,0x00,0x00,0x00,0x00,0x00,0x00,0x00,0x00,0x00,0x00,0x00,0x00,0x00,
    0x00,0x00,0x00,0x00,0x00,0x00,0x00,0x00,0x00,0x00,0x00,0x00,0x00,0x00,0x00,0x00,0x00,0x00,0x00,0x00,0x00,0x00,0x00,0x00,0x00,0x00,0x00,0x00,0x00,0x00,0x00,0x00,
    0x00,0x00,0x00,0x00,0x00,0x00,0x00,0x00,0x00,0x00,0x00,0x00,0x00,0x00,0x00,0x00,0x00,0x00,0x00,0x00,0x00,0x00,0x00,0x00,0x00,0x00,0x00,0x00,0x00,0x00,0x00,0x00,
    0x00,0x00,0x00,0x00,0x00,0x00,0x00,0x00,0x00,0x00,0x00,0x00,0x00,0x00,0x00,0x00,0x00,0x00,0x00,0x00,0x00,0x00,0x00,0x00,0x00,0x00,0x00,0x00,0x00,0x00,0x00,0x00,
    0x00,0x00,0x00,0x00,0x00,0x00,0x00,0x00,0x00,0x00,0x00,0x00,0x00,0x00,0x00,0x00,0x00,0x00,0x00,0x00,0x00,0x00,0x00,0x00,0x00,0x00,0x00,0x00,0x00,0x00,0x00,0x00,
    0x00,0x00,0x00,0x00,0x00,0x00,0x00,0x00,0x00,0x00,0x00,0x00,0x00,0x00,0x00,0x00,0x00,0x00,0x00,0x00,0x00,0x00,0x00,0x00,0x00,0x00,0x00,0x00,0x00,0x00,0x00,0x00,
    0x00,0x00,0x00,0x00,0x00,0x00,0x00,0x00,0x00,0x00,0x00,0x00,0x00,0x00,0x00,0x00,0x00,0x00,0x00,0x00,0x00,0x00,0x00,0x00,0x00,0x00,0x00,0x00,0x00,0x00,0x00,0x00,
    0x00,0x00,0x00,0x00,0x00,0x00,0x00,0x00,0x00,0x00,0x00,0x00,0x00,0x00,0x00,0x00,0x00,0x00,0x00,0x00,0x00,0x00,0x00,0x00,0x00,0x00,0x00,0x00,0x00,0x00,0x00,0x00,
    0x00,0x00,0x00,0x00,0x00,0x00,0x00,0x00,0x00,0x00,0x00,0x00,0x00,0x00,0x00,0x00,0x00,0x00,0x00,0x00,0x00,0x00,0x00,0x00,0x00,0x00,0x00,0x00,0x00,0x00,0x00,0x00,
    0x00,0x00,0x00,0x00,0x00,0x00,0x00,0x00,0x00,0x00,0x00,0x00,0x00,0x00,0x00,0x00,0x00,0x00,0x00,0x00,0x00,0x00,0x00,0x00,0x00,0x00,0x00,0x00,0x00,0x00,0x00,0x00,
    0x00,0x00,0x00,0x00,0x00,0x00,0x00,0x00,0x00,0x00,0x00,0x00,0x00,0x00,0x00,0x00,0x00,0x00,0x00,0x00,0x00,0x00,0x00,0x00,0x00,0x00,0x00,0x00,0x00,0x00,0x00,0x00,
    0x00,0x00,0x00,0x00,0x00,0x00,0x00,0x00,0x00,0x00,0x00,0x00,0x00,0x00,0x00,0x00,0x00,0x00,0x00,0x00,0x00,0x00,0x00,0x00,0x00,0x00,0x00,0x00,0x00,0x00,0x00,0x00,
    0x00,0x00,0x00,0x00,0x00,0x00,0x00,0x00,0x00,0x00,0x00,0x00,0x00,0x00,0x00,0x00,0x00,0x00,0x00,0x00,0x00,0x00,0x00,0x00,0x00,0x00,0x00,0x00,0x00,0x00,0x00,0x00,
    0x00,0x00,0x00,0x00,0x00,0x00,0x00,0x00,0x00,0x00,0x00,0x00,0x00,0x00,0x00,0x00,0x00,0x00,0x00,0x00,0x00,0x00,0x00,0x00,0x00,0x00,0x00,0x00,0x00,0x00,0x00,0x00,
    0x00,0x00,0x00,0x00,0x00,0x00,0x00,0x00,0x00,0x00,0x00,0x00,0x00,0x00,0x00,0x00,0x00,0x00,0x00,0x00,0x00,0x00,0x00,0x00,0x00,0x00,0x00,0x00,0x00,0x00,0x00,0x00,
    0x00,0x00,0x00,0x00,0x00,0x00,0x00,0x00,0x00,0x00,0x00,0x00,0x00,0x00,0x00,0x00,0x00,0x00,0x00,0x00,0x00,0x00,0x00,0x00,0x00,0x00,0x00,0x00,0x00,0x00,0x00,0x00,
    0x00,0x00,0x00,0x00,0x00,0x00,0x00,0x00,0x00,0x00,0x00,0x00,0x00,0x00,0x00,0x00,0x00,0x00,0x00,0x00,0x00,0x00,0x00,0x00,0x00,0x00,0x00,0x00,0x00,0x00,0x00,0x00,
    0x00,0x00,0x00,0x00,0x00,0x00,0x00,0x00,0x00,0x00,0x00,0x00,0x00,0x00,0x00,0x00,0x00,0x00,0x00,0x00,0x00,0x00,0x00,0x00,0x00,0x00,0x00,0x00,0x00,0x00,0x00,0x00,
    0x00,0x00,0x00,0x00,0x00,0x00,0x00,0x00,0x00,0x00,0x00,0x00,0x00,0x00,0x00,0x00,0x00,0x00,0x00,0x00,0x00,0x00,0x00,0x00,0x00,0x00,0x00,0x00,0x00,0x00,0x00,0x00,
    0x00,0x00,0x00,0x00,0x00,0x00,0x00,0x00,0x00,0x00,0x00,0x00,0x00,0x00,0x00,0x00,0x00,0x00,0x00,0x00,0x00,0x00,0x00,0x00,0x00,0x00,0x00,0x00,0x00,0x00,0x00,0x00,
    0x00,0x00,0x00,0x00,0x00,0x00,0x00,0x00,0x00,0x00,0x00,0x00,0x00,0x00,0x00,0x00,0x00,0x00,0x00,0x00,0x00,0x00,0x00,0x00,0x00,0x00,0x00,0x00,0x00,0x00,0x00,0x00,
    0x00,0x00,0x00,0x00,0x00,0x00,0x00,0x00,0x00,0x00,0x00,0x00,0x00,0x00,0x00,0x00,0x00,0x00,0x00,0x00,0x00,0x00,0x00,0x00,0x00,0x00,0x00,0x00,0x00,0x00,0x00,0x00,
    0x00,0x00,0x00,0x00,0x00,0x00,0x00,0x00,0x00,0x00,0x00,0x00,0x00,0x00,0x00,0x00,0x00,0x00,0x00,0x00,0x00,0x00,0x00,0x00,0x00,0x00,0x00,0x00,0x00,0x00,0x00,0x00,
    0x00,0x00,0x00,0x00,0x00,0x00,0x00,0x00,0x00,0x00,0x00,0x00,0x00,0x00,0x00,0x00,0x00,0x00,0x00,0x00,0x00,0x00,0x00,0x00,0x00,0x00,0x00,0x00,0x00,0x00,0x00,0x00,
    0x00,0x00,0x00,0x00,0x00,0x00,0x00,0x00,0x00,0x00,0x00,0x00,0x00,0x00,0x00,0x00,0x00,0x00,0x00,0x00,0x00,0x00,0x00,0x00,0x00,0x00,0x00,0x00,0x00,0x00,0x00,0x00,
    0x00,0x00,0x00,0x00,0x00,0x00,0x00,0x00,0x00,0x00,0x00,0x00,0x00,0x00,0x00,0x00,0x00,0x00,0x00,0x00,0x00,0x00,0x00,0x00,0x00,0x00,0x00,0x00,0x00,0x00,0x00,0x00,
    0x00,0x00,0x00,0x00,0x00,0x00,0x00,0x00,0x00,0x00,0x00,0x00,0x00,0x00,0x00,0x00,0x00,0x00,0x00,0x00,0x00,0x00,0x00,0x00,0x00,0x00,0x00,0x00,0x00,0x00,0x00,0x00,
    0x00,0x00,0x00,0x00,0x00,0x00,0x00,0x00,0x00,0x00,0x00,0x00,0x00,0x00,0x00,0x00,0x00,0x00,0x00,0x00,0x00,0x00,0x00,0x00,0x00,0x00,0x00,0x00,0x00,0x00,0x00,0x00,
    0x00,0x00,0x00,0x00,0x00,0x00,0x00,0x00,0x00,0x00,0x00,0x00,0x00,0x00,0x00,0x00,0x00,0x00,0x00,0x00,0x00,0x00,0x00,0x00,0x00,0x00,0x00,0x00,0x00,0x00,0x00,0x00,
    0x00,0x00,0x00,0x00,0x00,0x00,0x00,0x00,0x00,0x00,0x00,0x00,0x00,0x00,0x00,0x00,0x00,0x00,0x00,0x00,0x00,0x00,0x00,0x00,0x00,0x00,0x00,0x00,0x00,0x00,0x00,0x00,
    0x00,0x00,0x00,0x00,0x00,0x00,0x00,0x00,0x00,0x00,0x00,0x00,0x00,0x00,0x00,0x00,0x00,0x00,0x00,0x00,0x00,0x00,0x00,0x00,0x00,0x00,0x00,0x00,0x00,0x00,0x00,0x00,
    0x00,0x00,0x00,0x00,0x00,0x00,0x00,0x00,0x00,0x00,0x00,0x00,0x00,0x00,0x00,0x00,0x00,0x00,0x00,0x00,0x00,0x00,0x00,0x00,0x00,0x00,0x00,0x00,0x00,0x00,0x00,0x00,
    0x00,0x00,0x00,0x00,0x00,0x00,0x00,0x00,0x00,0x00,0x00,0x00,0x00,0x00,0x00,0x00,0x00,0x00,0x00,0x00,0x00,0x00,0x00,0x00,0x00,0x00,0x00,0x00,0x00,0x00,0x00,0x00,
    0x00,0x00,0x00,0x00,0x00,0x00,0x00,0x00,0x00,0x00,0x00,0x00,0x00,0x00,0x00,0x00,0x00,0x00,0x00,0x00,0x00,0x00,0x00,0x00,0x00,0x00,0x00,0x00,0x00,0x00,0x00,0x00,
    0x00,0x00,0x00,0x00,0x00,0x00,0x00,0x00,0x00,0x00,0x00,0x00,0x00,0x00,0x00,0x00,0x00,0x00,0x00,0x00,0x00,0x00,0x00,0x00,0x00,0x00,0x00,0x00,0x00,0x00,0x00,0x00,
    0x00,0x00,0x00,0x00,0x00,0x00,0x00,0x00,0x00,0x00,0x00,0x00,0x00,0x00,0x00,0x00,0x00,0x00,0x00,0x00,0x00,0x00,0x00,0x00,0x00,0x00,0x00,0x00,0x00,0x00,0x00,0x00,
    0x00,0x00,0x00,0x00,0x00,0x00,0x00,0x00,0x00,0x00,0x00,0x00,0x00,0x00,0x00,0x00,0x00,0x00,0x00,0x00,0x00,0x00,0x00,0x00,0x00,0x00,0x00,0x00,0x00,0x00,0x00,0x00,
    0x00,0x00,0x00,0x00,0x00,0x00,0x00,0x00,0x00,0x00,0x00,0x00,0x00,0x00,0x00,0x00,0x00,0x00,0x00,0x00,0x00,0x00,0x00,0x00,0x00,0x00,0x00,0x00,0x00,0x00,0x00,0x00,
    0x00,0x00,0x00,0x00,0x00,0x00,0x00,0x00,0x00,0x00,0x00,0x00,0x00,0x00,0x00,0x00,0x00,0x00,0x00,0x00,0x00,0x00,0x00,0x00,0x00,0x00,0x00,0x00,0x00,0x00,0x00,0x00,
    0x00,0x00,0x00,0x00,0x00,0x00,0x00,0x00,0x00,0x00,0x00,0x00,0x00,0x00,0x00,0x00,0x00,0x00,0x00,0x00,0x01,0x00,0x00,0x00,0x02,0x00,0x00,0x00,0x03,0x00,0x00,0x00,
    0x04,0x00,0x00,0x00,0x05,0x00,0x00,0x00,0x06,0x00,0x00,0x00,0x07,0x00,0x00,0x00,0x08,0x00,0x00,0x00,0x15,0x00,0x00,0x00,0x16,0x00,0x00,0x00,0x17,0x00,0x00,0x00,
    0x18,0x00,0x00,0x00,0x19,0x00,0x00,0x00,0x1A,0x00,0x00,0x00,0x1F,0x00,0x00,0x00,0x20,0x00,0x00,0x00,0x21,0x00,0x00,0x00,0x22,0x00,0x00,0x00,0x23,0x00,0x00,0x00,
    0x24,0x00,0x00,0x00,0x29,0x00,0x00,0x00,0x2A,0x00,0x00,0x00,0x2B,0x00,0x00,0x00,0x2C,0x00,0x00,0x00,0x33,0x00,0x00,0x00,0x34,0x00,0x00,0x00,0x35,0x00,0x00,0x00,
    0x36,0x00,0x00,0x00,0x2E,0x01,0x00,0x00,0x2D,0x01,0x00,0x00,0xC9,0x00,0x00,0x00,0x01,0x00,0x00,0x00,0x00,0x00,0x00,0xFF,0xFF,0xFF,0xFF,0xFF,0x00,0x00,0x00,0x00,
    0xFF,0xFF,0xFF,0xFF,0xFF,0xFF,0xFF,0xFF,0x00,0x00,0x00,0x00,0x00,0x00,0x00,0x00,0x00,0x00,0x00,0x00,0x00,0x00,0x00,0x00,0x00,0x00,0x00,0x00,0x00,0x00,0x00,0x00,
    0x00,0x00,0x00,0x00,0x00,0x00,0x00,0x00,0x00,0x00,0x00,0x00,0x00,0x00,0x00,0x00,0x00,0x00,0x00,0x00,0x01,0x00,0x00,0x00,0x02,0x00,0x00,0x00,0x03,0x00,0x00,0x00,
    0x04,0x00,0x00,0x00,0x05,0x00,0x00,0x00,0x06,0x00,0x00,0x00,0x07,0x00,0x00,0x00,0x08,0x00,0x00,0x00,0x09,0x00,0x00,0x00,0x0A,0x00,0x00,0x00,0x0B,0x00,0x00,0x00,
    0x0C,0x00,0x00,0x00,0x0D,0x00,0x00,0x00,0x0E,0x00,0x00,0x00,0x0F,0x00,0x00,0x00,0x10,0x00,0x00,0x00,0x11,0x00,0x00,0x00,0x12,0x00,0x00,0x00,0x13,0x00,0x00,0x00,
    0x14,0x00,0x00,0x00,0x15,0x00,0x00,0x00,0x16,0x00,0x00,0x00,0x02,0x00,0x00,0x00,0x01,0x00,0x00,0x00,0x02,0x00,0x00,0x00,0x03,0x00,0x00,0x00,0x04,0x00,0x00,0x00,
    0x05,0x00,0x00,0x00,0x06,0x00,0x00,0x00,0x07,0x00,0x00,0x00,0x08,0x00,0x00,0x00,0x09,0x00,0x00,0x00,0x0A,0x00,0x00,0x00,0x0B,0x00,0x00,0x00,0x0C,0x00,0x00,0x00,
    0x0D,0x00,0x00,0x00,0x0E,0x00,0x00,0x00,0x0F,0x00,0x00,0x00,0x10,0x00,0x00,0x00,0x11,0x00,0x00,0x00,0x12,0x00,0x00,0x00,0x13,0x00,0x00,0x00,0x14,0x00,0x00,0x00,
    0x15,0x00,0x00,0x00,0x16,0x00,0x00,0x00,0x17,0x00,0x00,0x00,0x03,0x00,0x00,0x00,0xF4,0xFD,0x34,0x3F,0xF4,0xFD,0x34,0xBF,0x00,0x00,0xC0,0xC0,0x00,0x00,0x00,0x3F,
    0x00,0x00,0x00,0x3F,0x00,0x00,0x00,0x40,0x00,0x00,0x00,0x00,0x00,0x00,0x00,0x00,0x00,0x00,0x00,0x00,0x00,0x00,0x00,0x00,0x00,0x00,0x00,0x00,0x00,0x00,0x00,0x00,
    0x00,0x00,0x00,0x00,0x00,0x00,0x00,0x00,0x00,0x00,0x00,0x00,0x00,0x00,0x00,0x00,0x00,0x00,0x00,0x00,0x00,0x00,0x00,0x00,0x00,0x00,0x00,0x00,0x00,0x00,0x00,0x00,
    0x00,0x00,0x00,0x00,0x00,0x00,0x00,0x00,0x00,0x00,0x00,0x00,0x00,0x00,0x00,0x00,0x00,0x00,0x00,0x00,0x00,0x00,0x00,0x00,0x00,0x00,0x00,0x00,0x00,0x00,0x00,0x00,
    0x00,0x00,0x00,0x00,0x00,0x00,0x00,0x00,0x00,0x00,0x00,0x00,0x00,0x00,0x00,0x00,0x00,0x00,0x00,0x00,0x00,0x00,0x00,0x00,0x00,0x00,0x00,0x00,0x00,0x00,0x00,0x00,
    0x00,0x00,0x00,0x00,0x00,0x00,0x00,0x00,0x00,0x00,0x00,0x00,0x00,0x00,0x00,0x00,0x00,0x00,0x00,0x00,0x00,0x00,0x00,0x00,0x00,0x00,0x00,0x00,0x00,0x00,0x00,0x00,
    0x00,0x00,0x00,0x00,0x00,0x00,0x00,0x00,0x00,0x00,0x00,0x00,0x00,0x00,0x00,0x00,0x00,0x00,0x00,0x00,0x00,0x00,0x00,0x00,0x00,0x00,0x00,0x00,0x00,0x00,0x00,0x00,
    0x00,0x00,0x00,0x00,0x00,0x00,0x00,0x00,0x00,0x00,0x00,0x00,0x00,0x00,0x00,0x00,0x5C,0x8F,0xC2,0xBE,0x5C,0x8F,0x42,0xBF,0xD7,0xA3,0x90,0xBF,0x52,0xB8,0xBE,0xBF,
    0x7B,0x14,0xEE,0xBF,0xA4,0x70,0x0D,0xC0,0x0A,0xD7,0x23,0xC0,0x71,0x3D,0x3A,0xC0,0x00,0x00,0x50,0xC0,0xB8,0x1E,0x65,0xC0,0x71,0x3D,0x7A,0xC0,0x14,0xAE,0x87,0xC0,
    0x85,0xEB,0x91,0xC0,0xF6,0x28,0x9C,0xC0,0x66,0x66,0xA6,0xC0,0xEC,0x51,0xB0,0xC0,0x71,0x3D,0xBA,0xC0,0x0A,0xD7,0xC3,0xC0,0xA4,0x70,0xCD,0xC0,0x3D,0x0A,0xD7,0xC0,
    0xEC,0x51,0xE0,0xC0,0x9A,0x99,0xE9,0xC0,0x48,0xE1,0xF2,0xC0,0x0A,0xD7,0xFB,0xC0,0x66,0x66,0x02,0xC1,0x48,0xE1,0x06,0xC1,0x29,0x5C,0x0B,0xC1,0x14,0xAE,0x0F,0xC1,
    0x00,0x00,0x14,0xC1,0xF6,0x28,0x18,0xC1,0xE1,0x7A,0x1C,0xC1,0xD7,0xA3,0x20,0xC1,0xCD,0xCC,0x24,0xC1,0xCD,0xCC,0x28,0xC1,0xC3,0xF5,0x2C,0xC1,0xC3,0xF5,0x30,0xC1,
    0xC3,0xF5,0x34,0xC1,0xCD,0xCC,0x38,0xC1,0xCD,0xCC,0x3C,0xC1,0xD7,0xA3,0x40,0xC1,0xE1,0x7A,0x44,0xC1,0xEC,0x51,0x48,0xC1,0x00,0x00,0x4C,0xC1,0x0A,0xD7,0x4F,0xC1,
    0x1F,0x85,0x53,0xC1,0x33,0x33,0x57,0xC1,0x48,0xE1,0x5A,0xC1,0x66,0x66,0x5E,0xC1,0x7B,0x14,0x62,0xC1,0x9A,0x99,0x65,0xC1,0xB8,0x1E,0x69,0xC1,0xD7,0xA3,0x6C,0xC1,
    0xF6,0x28,0x70,0xC1,0x1F,0x85,0x73,0xC1,0x3D,0x0A,0x77,0xC1,0x66,0x66,0x7A,0xC1,0x8F,0xC2,0x7D,0xC1,0x5C,0x8F,0x80,0xC1,0xF6,0x28,0x82,0xC1,0x0A,0xD7,0x83,0xC1,
    0xA4,0x70,0x85,0xC1,0xB8,0x1E,0x87,0xC1,0x52,0xB8,0x88,0xC1,0xEC,0x51,0x8A,0xC1,0x85,0xEB,0x8B,0xC1,0xA4,0x70,0x8D,0xC1,0x3D,0x0A,0x8F,0xC1,0x5C,0x8F,0x90,0xC1,
    0xF6,0x28,0x92,0xC1,0x14,0xAE,0x93,0xC1,0x33,0x33,0x95,0xC1,0x52,0xB8,0x96,0xC1,0xF6,0x28,0x98,0xC1,0x14,0xAE,0x99,0xC1,0xB8,0x1E,0x9B,0xC1,0xD7,0xA3,0x9C,0xC1,
    0x7B,0x14,0x9E,0xC1,0x1F,0x85,0x9F,0xC1,0xC3,0xF5,0xA0,0xC1,0x66,0x66,0xA2,0xC1,0x0A,0xD7,0xA3,0xC1,0xAE,0x47,0xA5,0xC1,0xD7,0xA3,0xA6,0xC1,0x7B,0x14,0xA8,0xC1,
    0xA4,0x70,0xA9,0xC1,0x48,0xE1,0xAA,0xC1,0x71,0x3D,0xAC,0xC1,0x9A,0x99,0xAD,0xC1,0xC3,0xF5,0xAE,0xC1,0xEC,0x51,0xB0,0xC1,0x9A,0x99,0xB1,0xC1,0xC3,0xF5,0xB2,0xC1,
    0xEC,0x51,0xB4,0xC1,0x9A,0x99,0xB5,0xC1,0x48,0xE1,0xB6,0xC1,0x71,0x3D,0xB8,0xC1,0x1F,0x85,0xB9,0xC1,0xCD,0xCC,0xBA,0xC1,0x7B,0x14,0xBC,0xC1,0x29,0x5C,0xBD,0xC1,
    0xD7,0xA3,0xBE,0xC1,0x85,0xEB,0xBF,0xC1,0xB8,0x1E,0xC1,0xC1,0x66,0x66,0xC2,0xC1,0x9A,0x99,0xC3,0xC1,0x48,0xE1,0xC4,0xC1,0x7B,0x14,0xC6,0xC1,0xAE,0x47,0xC7,0xC1,
    0x5C,0x8F,0xC8,0xC1,0x8F,0xC2,0xC9,0xC1,0xC3,0xF5,0xCA,0xC1,0xF6,0x28,0xCC,0xC1,0xAE,0x47,0xCD,0xC1,0xE1,0x7A,0xCE,0xC1,0x14,0xAE,0xCF,0xC1,0x48,0xE1,0xD0,0xC1,
    0x00,0x00,0xD2,0xC1,0x33,0x33,0xD3,0xC1,0xEC,0x51,0xD4,0xC1,0xA4,0x70,0xD5,0xC1,0xD7,0xA3,0xD6,0xC1,0x8F,0xC2,0xD7,0xC1,0x48,0xE1,0xD8,0xC1,0x00,0x00,0xDA,0xC1,
    0xB8,0x1E,0xDB,0xC1,0x71,0x3D,0xDC,0xC1,0x29,0x5C,0xDD,0xC1,0xE1,0x7A,0xDE,0xC1,0x9A,0x99,0xDF,0xC1,0xD7,0xA3,0xE0,0xC1,0x8F,0xC2,0xE1,0xC1,0xCD,0xCC,0xE2,0xC1,
    0x85,0xEB,0xE3,0xC1,0xC3,0xF5,0xE4,0xC1,0x7B,0x14,0xE6,0xC1,0xB8,0x1E,0xE7,0xC1,0xF6,0x28,0xE8,0xC1,0xAE,0x47,0xE9,0xC1,0xEC,0x51,0xEA,0xC1,0x29,0x5C,0xEB,0xC1,
    0x66,0x66,0xEC,0xC1,0xA4,0x70,0xED,0xC1,0xE1,0x7A,0xEE,0xC1,0x1F,0x85,0xEF,0xC1,0xE1,0x7A,0xF0,0xC1,0x1F,0x85,0xF1,0xC1,0x5C,0x8F,0xF2,0xC1,0x1F,0x85,0xF3,0xC1,
    0x5C,0x8F,0xF4,0xC1,0x9A,0x99,0xF5,0xC1,0x5C,0x8F,0xF6,0xC1,0x1F,0x85,0xF7,0xC1,0x5C,0x8F,0xF8,0xC1,0x1F,0x85,0xF9,0xC1,0xE1,0x7A,0xFA,0xC1,0x1F,0x85,0xFB,0xC1,
    0xE1,0x7A,0xFC,0xC1,0xA4,0x70,0xFD,0xC1,0x66,0x66,0xFE,0xC1,0x29,0x5C,0xFF,0xC1,0xF6,0x28,0x00,0xC2,0xD7,0xA3,0x00,0xC2,0xB8,0x1E,0x01,0xC2,0x9A,0x99,0x01,0xC2,
    0x7B,0x14,0x02,0xC2,0x1F,0x85,0x02,0xC2,0x00,0x00,0x03,0xC2,0xE1,0x7A,0x03,0xC2,0x85,0xEB,0x03,0xC2,0x66,0x66,0x04,0xC2,0x0A,0xD7,0x04,0xC2,0xEC,0x51,0x05,0xC2,
    0x8F,0xC2,0x05,0xC2,0x71,0x3D,0x06,0xC2,0x14,0xAE,0x06,0xC2,0xB8,0x1E,0x07,0xC2,0x9A,0x99,0x07,0xC2,0x3D,0x0A,0x08,0xC2,0xE1,0x7A,0x08,0xC2,0x85,0xEB,0x08,0xC2,
    0x29,0x5C,0x09,0xC2,0xCD,0xCC,0x09,0xC2,0x71,0x3D,0x0A,0xC2,0x14,0xAE,0x0A,0xC2,0xB8,0x1E,0x0B,0xC2,0x5C,0x8F,0x0B,0xC2,0x00,0x00,0x0C,0xC2,0xA4,0x70,0x0C,0xC2,
    0x48,0xE1,0x0C,0xC2,0xEC,0x51,0x0D,0xC2,0x52,0xB8,0x0D,0xC2,0xF6,0x28,0x0E,0xC2,0x9A,0x99,0x0E,0xC2,0x00,0x00,0x0F,0xC2,0xA4,0x70,0x0F,0xC2,0x0A,0xD7,0x0F,0xC2,
    0xAE,0x47,0x10,0xC2,0x14,0xAE,0x10,0xC2,0xB8,0x1E,0x11,0xC2,0x1F,0x85,0x11,0xC2,0xC3,0xF5,0x11,0xC2,0x29,0x5C,0x12,0xC2,0x8F,0xC2,0x12,0xC2,0xF6,0x28,0x13,0xC2,
    0x9A,0x99,0x13,0xC2,0x00,0x00,0x14,0xC2,0x66,0x66,0x14,0xC2,0xCD,0xCC,0x14,0xC2,0x33,0x33,0x15,0xC2,0x9A,0x99,0x15,0xC2,0x00,0x00,0x16,0xC2,0x66,0x66,0x16,0xC2,
    0xCD,0xCC,0x16,0xC2,0x33,0x33,0x17,0xC2,0x9A,0x99,0x17,0xC2,0x00,0x00,0x18,0xC2,0x66,0x66,0x18,0xC2,0xCD,0xCC,0x18,0xC2,0xF6,0x28,0x19,0xC2,0x5C,0x8F,0x19,0xC2,
    0xC3,0xF5,0x19,0xC2,0xEC,0x51,0x1A,0xC2,0x52,0xB8,0x1A,0xC2,0xB8,0x1E,0x1B,0xC2,0xE1,0x7A,0x1B,0xC2,0x48,0xE1,0x1B,0xC2,0x71,0x3D,0x1C,0xC2,0xD7,0xA3,0x1C,0xC2,
    0x00,0x00,0x1D,0xC2,0x66,0x66,0x1D,0xC2,0x8F,0xC2,0x1D,0xC2,0xF6,0x28,0x1E,0xC2,0x1F,0x85,0x1E,0xC2,0x48,0xE1,0x1E,0xC2,0xAE,0x47,0x1F,0xC2,0xD7,0xA3,0x1F,0xC2,
    0x00,0x00,0x20,0xC2,0x29,0x5C,0x20,0xC2,0x8F,0xC2,0x20,0xC2,0xB8,0x1E,0x21,0xC2,0xE1,0x7A,0x21,0xC2,0x0A,0xD7,0x21,0xC2,0x33,0x33,0x22,0xC2,0x5C,0x8F,0x22,0xC2,
    0x85,0xEB,0x22,0xC2,0xAE,0x47,0x23,0xC2,0xD7,0xA3,0x23,0xC2,0x00,0x00,0x24,0xC2,0x29,0x5C,0x24,0xC2,0x52,0xB8,0x24,0xC2,0x7B,0x14,0x25,0xC2,0xA4,0x70,0x25,0xC2,
    0xCD,0xCC,0x25,0xC2,0xB8,0x1E,0x26,0xC2,0xE1,0x7A,0x26,0xC2,0x0A,0xD7,0x26,0xC2,0x33,0x33,0x27,0xC2,0x5C,0x8F,0x27,0xC2,0x48,0xE1,0x27,0xC2,0x71,0x3D,0x28,0xC2,
    0x9A,0x99,0x28,0xC2,0x85,0xEB,0x28,0xC2,0xAE,0x47,0x29,0xC2,0x9A,0x99,0x29,0xC2,0xC3,0xF5,0x29,0xC2,0xAE,0x47,0x2A,0xC2,0xD7,0xA3,0x2A,0xC2,0xC3,0xF5,0x2A,0xC2,
    0xEC,0x51,0x2B,0xC2,0xD7,0xA3,0x2B,0xC2,0x00,0x00,0x2C,0xC2,0xEC,0x51,0x2C,0xC2,0xD7,0xA3,0x2C,0xC2,0x00,0x00,0x2D,0xC2,0xEC,0x51,0x2D,0xC2,0xD7,0xA3,0x2D,0xC2,
    0x00,0x00,0x2E,0xC2,0xEC,0x51,0x2E,0xC2,0xD7,0xA3,0x2E,0xC2,0xC3,0xF5,0x2E,0xC2,0xEC,0x51,0x2F,0xC2,0xD7,0xA3,0x2F,0xC2,0xC3,0xF5,0x2F,0xC2,0xAE,0x47,0x30,0xC2,
    0x9A,0x99,0x30,0xC2,0x85,0xEB,0x30,0xC2,0x71,0x3D,0x31,0xC2,0x5C,0x8F,0x31,0xC2,0x85,0xEB,0x31,0xC2,0x71,0x3D,0x32,0xC2,0x5C,0x8F,0x32,0xC2,0x48,0xE1,0x32,0xC2,
    0xF6,0x28,0x33,0xC2,0xE1,0x7A,0x33,0xC2,0xCD,0xCC,0x33,0xC2,0xB8,0x1E,0x34,0xC2,0xA4,0x70,0x34,0xC2,0x8F,0xC2,0x34,0xC2,0x7B,0x14,0x35,0xC2,0x66,0x66,0x35,0xC2,
    0x14,0xAE,0x35,0xC2,0x00,0x00,0x36,0xC2,0xEC,0x51,0x36,0xC2,0xD7,0xA3,0x36,0xC2,0x85,0xEB,0x36,0xC2,0x71,0x3D,0x37,0xC2,0x5C,0x8F,0x37,0xC2,0x48,0xE1,0x37,0xC2,
    0xF6,0x28,0x38,0xC2,0xE1,0x7A,0x38,0xC2,0x8F,0xC2,0x38,0xC2,0x7B,0x14,0x39,0xC2,0x66,0x66,0x39,0xC2,0x14,0xAE,0x39,0xC2,0x00,0x00,0x3A,0xC2,0xAE,0x47,0x3A,0xC2,
    0x9A,0x99,0x3A,0xC2,0x48,0xE1,0x3A,0xC2,0x33,0x33,0x3B,0xC2,0xE1,0x7A,0x3B,0xC2,0xCD,0xCC,0x3B,0xC2,0x7B,0x14,0x3C,0xC2,0x29,0x5C,0x3C,0xC2,0x14,0xAE,0x3C,0xC2,
    0xC3,0xF5,0x3C,0xC2,0xAE,0x47,0x3D,0xC2,0x5C,0x8F,0x3D,0xC2,0x0A,0xD7,0x3D,0xC2,0xF6,0x28,0x3E,0xC2,0xA4,0x70,0x3E,0xC2,0x52,0xB8,0x3E,0xC2,0x00,0x00,0x3F,0xC2,
    0xEC,0x51,0x3F,0xC2,0x9A,0x99,0x3F,0xC2,0x48,0xE1,0x3F,0xC2,0xF6,0x28,0x40,0xC2,0xA4,0x70,0x40,0xC2,0x8F,0xC2,0x40,0xC2,0x3D,0x0A,0x41,0xC2,0xEC,0x51,0x41,0xC2,
    0x9A,0x99,0x41,0xC2,0x48,0xE1,0x41,0xC2,0xF6,0x28,0x42,0xC2,0xA4,0x70,0x42,0xC2,0x52,0xB8,0x42,0xC2,0x00,0x00,0x43,0xC2,0xAE,0x47,0x43,0xC2,0x5C,0x8F,0x43,0xC2,
    0x0A,0xD7,0x43,0xC2,0xB8,0x1E,0x44,0xC2,0x66,0x66,0x44,0xC2,0x14,0xAE,0x44,0xC2,0xC3,0xF5,0x44,0xC2,0x71,0x3D,0x45,0xC2,0x1F,0x85,0x45,0xC2,0xCD,0xCC,0x45,0xC2,
    0x7B,0x14,0x46,0xC2,0x29,0x5C,0x46,0xC2,0xD7,0xA3,0x46,0xC2,0x48,0xE1,0x46,0xC2,0xF6,0x28,0x47,0xC2,0xA4,0x70,0x47,0xC2,0x52,0xB8,0x47,0xC2,0x00,0x00,0x48,0xC2,
    0x71,0x3D,0x48,0xC2,0x1F,0x85,0x48,0xC2,0xCD,0xCC,0x48,0xC2,0x7B,0x14,0x49,0xC2,0xEC,0x51,0x49,0xC2,0x9A,0x99,0x49,0xC2,0x48,0xE1,0x49,0xC2,0xB8,0x1E,0x4A,0xC2,
    0x66,0x66,0x4A,0xC2,0x14,0xAE,0x4A,0xC2,0x85,0xEB,0x4A,0xC2,0x33,0x33,0x4B,0xC2,0xE1,0x7A,0x4B,0xC2,0x52,0xB8,0x4B,0xC2,0x00,0x00,0x4C,0xC2,0x71,0x3D,0x4C,0xC2,
    0x1F,0x85,0x4C,0xC2,0x8F,0xC2,0x4C,0xC2,0x3D,0x0A,0x4D,0xC2,0xAE,0x47,0x4D,0xC2,0x5C,0x8F,0x4D,0xC2,0xCD,0xCC,0x4D,0xC2,0x7B,0x14,0x4E,0xC2,0xEC,0x51,0x4E,0xC2,
    0x9A,0x99,0x4E,0xC2,0x0A,0xD7,0x4E,0xC2,0xB8,0x1E,0x4F,0xC2,0x29,0x5C,0x4F,0xC2,0x9A,0x99,0x4F,0xC2,0x48,0xE1,0x4F,0xC2,0xB8,0x1E,0x50,0xC2,0x66,0x66,0x50,0xC2,
    0xD7,0xA3,0x50,0xC2,0x48,0xE1,0x50,0xC2,0xF6,0x28,0x51,0xC2,0x66,0x66,0x51,0xC2,0xD7,0xA3,0x51,0xC2,0x48,0xE1,0x51,0xC2,0xF6,0x28,0x52,0xC2,0x66,0x66,0x52,0xC2,
    0xD7,0xA3,0x52,0xC2,0x48,0xE1,0x52,0xC2,0xF6,0x28,0x53,0xC2,0x66,0x66,0x53,0xC2,0xD7,0xA3,0x53,0xC2,0x48,0xE1,0x53,0xC2,0xF6,0x28,0x54,0xC2,0x66,0x66,0x54,0xC2,
    0xD7,0xA3,0x54,0xC2,0x48,0xE1,0x54,0xC2,0xB8,0x1E,0x55,0xC2,0x29,0x5C,0x55,0xC2,0x9A,0x99,0x55,0xC2,0x48,0xE1,0x55,0xC2,0xB8,0x1E,0x56,0xC2,0x29,0x5C,0x56,0xC2,
    0x9A,0x99,0x56,0xC2,0x0A,0xD7,0x56,0xC2,0x7B,0x14,0x57,0xC2,0xEC,0x51,0x57,0xC2,0x5C,0x8F,0x57,0xC2,0xCD,0xCC,0x57,0xC2,0x3D,0x0A,0x58,0xC2,0xAE,0x47,0x58,0xC2,
    0x1F,0x85,0x58,0xC2,0x8F,0xC2,0x58,0xC2,0x00,0x00,0x59,0xC2,0x71,0x3D,0x59,0xC2,0xE1,0x7A,0x59,0xC2,0x52,0xB8,0x59,0xC2,0xC3,0xF5,0x59,0xC2,0x33,0x33,0x5A,0xC2,
    0x66,0x66,0x5A,0xC2,0xD7,0xA3,0x5A,0xC2,0x48,0xE1,0x5A,0xC2,0xB8,0x1E,0x5B,0xC2,0x29,0x5C,0x5B,0xC2,0x9A,0x99,0x5B,0xC2,0x0A,0xD7,0x5B,0xC2,0x3D,0x0A,0x5C,0xC2,
    0xAE,0x47,0x5C,0xC2,0x1F,0x85,0x5C,0xC2,0x8F,0xC2,0x5C,0xC2,0x00,0x00,0x5D,0xC2,0x33,0x33,0x5D,0xC2,0xA4,0x70,0x5D,0xC2,0x14,0xAE,0x5D,0xC2,0x85,0xEB,0x5D,0xC2,
    0xB8,0x1E,0x5E,0xC2,0x29,0x5C,0x5E,0xC2,0x9A,0x99,0x5E,0xC2,0x0A,0xD7,0x5E,0xC2,0x3D,0x0A,0x5F,0xC2,0xAE,0x47,0x5F,0xC2,0x1F,0x85,0x5F,0xC2,0x52,0xB8,0x5F,0xC2,
    0xC3,0xF5,0x5F,0xC2,0x33,0x33,0x60,0xC2,0x66,0x66,0x60,0xC2,0xD7,0xA3,0x60,0xC2,0x48,0xE1,0x60,0xC2,0x7B,0x14,0x61,0xC2,0xEC,0x51,0x61,0xC2,0x1F,0x85,0x61,0xC2,
    0x8F,0xC2,0x61,0xC2,0x00,0x00,0x62,0xC2,0x33,0x33,0x62,0xC2,0xA4,0x70,0x62,0xC2,0xD7,0xA3,0x62,0xC2,0x48,0xE1,0x62,0xC2,0x7B,0x14,0x63,0xC2,0xEC,0x51,0x63,0xC2,
    0x1F,0x85,0x63,0xC2,0x8F,0xC2,0x63,0xC2,0xC3,0xF5,0x63,0xC2,0x33,0x33,0x64,0xC2,0x66,0x66,0x64,0xC2,0xD7,0xA3,0x64,0xC2,0x0A,0xD7,0x64,0xC2,0x7B,0x14,0x65,0xC2,
    0xAE,0x47,0x65,0xC2,0x1F,0x85,0x65,0xC2,0x52,0xB8,0x65,0xC2,0x85,0xEB,0x65,0xC2,0xF6,0x28,0x66,0xC2,0x29,0x5C,0x66,0xC2,0x9A,0x99,0x66,0xC2,0xCD,0xCC,0x66,0xC2,
    0x00,0x00,0x67,0xC2,0x71,0x3D,0x67,0xC2,0xA4,0x70,0x67,0xC2,0xD7,0xA3,0x67,0xC2,0x48,0xE1,0x67,0xC2,0x7B,0x14,0x68,0xC2,0xAE,0x47,0x68,0xC2,0x1F,0x85,0x68,0xC2,
    0x52,0xB8,0x68,0xC2,0x85,0xEB,0x68,0xC2,0xF6,0x28,0x69,0xC2,0x29,0x5C,0x69,0xC2,0x5C,0x8F,0x69,0xC2,0xCD,0xCC,0x69,0xC2,0x00,0x00,0x6A,0xC2,0x33,0x33,0x6A,0xC2,
    0x66,0x66,0x6A,0xC2,0xD7,0xA3,0x6A,0xC2,0x0A,0xD7,0x6A,0xC2,0x3D,0x0A,0x6B,0xC2,0x71,0x3D,0x6B,0xC2,0xA4,0x70,0x6B,0xC2,0x14,0xAE,0x6B,0xC2,0x48,0xE1,0x6B,0xC2,
    0x7B,0x14,0x6C,0xC2,0xAE,0x47,0x6C,0xC2,0xE1,0x7A,0x6C,0xC2,0x14,0xAE,0x6C,0xC2,0x85,0xEB,0x6C,0xC2,0xB8,0x1E,0x6D,0xC2,0xEC,0x51,0x6D,0xC2,0x1F,0x85,0x6D,0xC2,
    0x52,0xB8,0x6D,0xC2,0x85,0xEB,0x6D,0xC2,0xB8,0x1E,0x6E,0xC2,0xEC,0x51,0x6E,0xC2,0x1F,0x85,0x6E,0xC2,0x8F,0xC2,0x6E,0xC2,0xC3,0xF5,0x6E,0xC2,0xF6,0x28,0x6F,0xC2,
    0x29,0x5C,0x6F,0xC2,0x5C,0x8F,0x6F,0xC2,0x8F,0xC2,0x6F,0xC2,0xC3,0xF5,0x6F,0xC2,0xF6,0x28,0x70,0xC2,0x29,0x5C,0x70,0xC2,0x5C,0x8F,0x70,0xC2,0x8F,0xC2,0x70,0xC2,
    0xC3,0xF5,0x70,0xC2,0xF6,0x28,0x71,0xC2,0x29,0x5C,0x71,0xC2,0x5C,0x8F,0x71,0xC2,0x8F,0xC2,0x71,0xC2,0xC3,0xF5,0x71,0xC2,0xF6,0x28,0x72,0xC2,0x29,0x5C,0x72,0xC2,
    0x5C,0x8F,0x72,0xC2,0x8F,0xC2,0x72,0xC2,0xC3,0xF5,0x72,0xC2,0xB8,0x1E,0x73,0xC2,0xEC,0x51,0x73,0xC2,0x1F,0x85,0x73,0xC2,0x52,0xB8,0x73,0xC2,0x85,0xEB,0x73,0xC2,
    0xB8,0x1E,0x74,0xC2,0xEC,0x51,0x74,0xC2,0x1F,0x85,0x74,0xC2,0x52,0xB8,0x74,0xC2,0x48,0xE1,0x74,0xC2,0x7B,0x14,0x75,0xC2,0xAE,0x47,0x75,0xC2,0xE1,0x7A,0x75,0xC2,
    0x14,0xAE,0x75,0xC2,0x48,0xE1,0x75,0xC2,0x3D,0x0A,0x76,0xC2,0x71,0x3D,0x76,0xC2,0xA4,0x70,0x76,0xC2,0xD7,0xA3,0x76,0xC2,0x0A,0xD7,0x76,0xC2,0x00,0x00,0x77,0xC2,
    0x33,0x33,0x77,0xC2,0x66,0x66,0x77,0xC2,0x9A,0x99,0x77,0xC2,0x8F,0xC2,0x77,0xC2,0xC3,0xF5,0x77,0xC2,0xF6,0x28,0x78,0xC2,0x29,0x5C,0x78,0xC2,0x1F,0x85,0x78,0xC2,
    0x52,0xB8,0x78,0xC2,0x85,0xEB,0x78,0xC2,0xB8,0x1E,0x79,0xC2,0xAE,0x47,0x79,0xC2,0xE1,0x7A,0x79,0xC2,0x14,0xAE,0x79,0xC2,0x0A,0xD7,0x79,0xC2,0x3D,0x0A,0x7A,0xC2,
    0x71,0x3D,0x7A,0xC2,0x66,0x66,0x7A,0xC2,0x9A,0x99,0x7A,0xC2,0xCD,0xCC,0x7A,0xC2,0xC3,0xF5,0x7A,0xC2,0xF6,0x28,0x7B,0xC2,0x29,0x5C,0x7B,0xC2,0x1F,0x85,0x7B,0xC2,
    0x52,0xB8,0x7B,0xC2,0x48,0xE1,0x7B,0xC2,0x7B,0x14,0x7C,0xC2,0xAE,0x47,0x7C,0xC2,0xA4,0x70,0x7C,0xC2,0xD7,0xA3,0x7C,0xC2,0xCD,0xCC,0x7C,0xC2,0x00,0x00,0x7D,0xC2,
    0x33,0x33,0x7D,0xC2,0x29,0x5C,0x7D,0xC2,0x5C,0x8F,0x7D,0xC2,0x52,0xB8,0x7D,0xC2,0x85,0xEB,0x7D,0xC2,0x7B,0x14,0x7E,0xC2,0xAE,0x47,0x7E,0xC2,0xA4,0x70,0x7E,0xC2,
    0xD7,0xA3,0x7E,0xC2,0x0A,0xD7,0x7E,0xC2,0x00,0x00,0x7F,0xC2,0x33,0x33,0x7F,0xC2,0x29,0x5C,0x7F,0xC2,0x5C,0x8F,0x7F,0xC2,0x52,0xB8,0x7F,0xC2,0x85,0xEB,0x7F,0xC2,
    0x3D,0x0A,0x80,0xC2,0xB8,0x1E,0x80,0xC2,0x52,0x38,0x80,0xC2,0xCD,0x4C,0x80,0xC2,0x66,0x66,0x80,0xC2,0xE1,0x7A,0x80,0xC2,0x7B,0x94,0x80,0xC2,0xF6,0xA8,0x80,0xC2,
    0x8F,0xC2,0x80,0xC2,0x0A,0xD7,0x80,0xC2,0x85,0xEB,0x80,0xC2,0x1F,0x05,0x81,0xC2,0x9A,0x19,0x81,0xC2,0x33,0x33,0x81,0xC2,0xAE,0x47,0x81,0xC2,0x48,0x61,0x81,0xC2,
    0xC3,0x75,0x81,0xC2,0x3D,0x8A,0x81,0xC2,0xD7,0xA3,0x81,0xC2,0x52,0xB8,0x81,0xC2,0xCD,0xCC,0x81,0xC2,0x66,0xE6,0x81,0xC2,0xE1,0xFA,0x81,0xC2,0x5C,0x0F,0x82,0xC2,
    0xF6,0x28,0x82,0xC2,0x71,0x3D,0x82,0xC2,0x0A,0x57,0x82,0xC2,0x85,0x6B,0x82,0xC2,0x00,0x80,0x82,0xC2,0x7B,0x94,0x82,0xC2,0x14,0xAE,0x82,0xC2,0x8F,0xC2,0x82,0xC2,
    0x0A,0xD7,0x82,0xC2,0xA4,0xF0,0x82,0xC2,0x1F,0x05,0x83,0xC2,0x9A,0x19,0x83,0xC2,0x33,0x33,0x83,0xC2,0xAE,0x47,0x83,0xC2,0x29,0x5C,0x83,0xC2,0xA4,0x70,0x83,0xC2,
    0x3D,0x8A,0x83,0xC2,0xB8,0x9E,0x83,0xC2,0x33,0xB3,0x83,0xC2,0xAE,0xC7,0x83,0xC2,0x48,0xE1,0x83,0xC2,0xC3,0xF5,0x83,0xC2,0x3D,0x0A,0x84,0xC2,0xB8,0x1E,0x84,0xC2,
    0x52,0x38,0x84,0xC2,0xCD,0x4C,0x84,0xC2,0x48,0x61,0x84,0xC2,0xC3,0x75,0x84,0xC2,0x3D,0x8A,0x84,0xC2,0xD7,0xA3,0x84,0xC2,0x52,0xB8,0x84,0xC2,0xCD,0xCC,0x84,0xC2,
    0x48,0xE1,0x84,0xC2,0xC3,0xF5,0x84,0xC2,0x3D,0x0A,0x85,0xC2,0xD7,0x23,0x85,0xC2,0x52,0x38,0x85,0xC2,0xCD,0x4C,0x85,0xC2,0x48,0x61,0x85,0xC2,0xC3,0x75,0x85,0xC2,
    0x3D,0x8A,0x85,0xC2,0xD7,0xA3,0x85,0xC2,0x52,0xB8,0x85,0xC2,0xCD,0xCC,0x85,0xC2,0x48,0xE1,0x85,0xC2,0xC3,0xF5,0x85,0xC2,0x3D,0x0A,0x86,0xC2,0xB8,0x1E,0x86,0xC2,
    0x33,0x33,0x86,0xC2,0xAE,0x47,0x86,0xC2,0x48,0x61,0x86,0xC2,0xC3,0x75,0x86,0xC2,0x3D,0x8A,0x86,0xC2,0xB8,0x9E,0x86,0xC2,0x33,0xB3,0x86,0xC2,0xAE,0xC7,0x86,0xC2,
    0x29,0xDC,0x86,0xC2,0xA4,0xF0,0x86,0xC2,0x1F,0x05,0x87,0xC2,0x9A,0x19,0x87,0xC2,0x14,0x2E,0x87,0xC2,0x8F,0x42,0x87,0xC2,0x0A,0x57,0x87,0xC2,0x85,0x6B,0x87,0xC2,
    0x00,0x80,0x87,0xC2,0x7B,0x94,0x87,0xC2,0xF6,0xA8,0x87,0xC2,0x71,0xBD,0x87,0xC2,0xEC,0xD1,0x87,0xC2,0x66,0xE6,0x87,0xC2,0xE1,0xFA,0x87,0xC2,0x5C,0x0F,0x88,0xC2,
    0xD7,0x23,0x88,0xC2,0x52,0x38,0x88,0xC2,0xCD,0x4C,0x88,0xC2,0x48,0x61,0x88,0xC2,0xC3,0x75,0x88,0xC2,0x3D,0x8A,0x88,0xC2,0xB8,0x9E,0x88,0xC2,0x33,0xB3,0x88,0xC2,
    0xAE,0xC7,0x88,0xC2,0x29,0xDC,0x88,0xC2,0xA4,0xF0,0x88,0xC2,0x1F,0x05,0x89,0xC2,0x9A,0x19,0x89,0xC2,0x14,0x2E,0x89,0xC2,0x8F,0x42,0x89,0xC2,0x0A,0x57,0x89,0xC2,
    0x85,0x6B,0x89,0xC2,0x00,0x80,0x89,0xC2,0x7B,0x94,0x89,0xC2,0xD7,0xA3,0x89,0xC2,0x52,0xB8,0x89,0xC2,0xCD,0xCC,0x89,0xC2,0x48,0xE1,0x89,0xC2,0xC3,0xF5,0x89,0xC2,
    0x3D,0x0A,0x8A,0xC2,0xB8,0x1E,0x8A,0xC2,0x33,0x33,0x8A,0xC2,0xAE,0x47,0x8A,0xC2,0x0A,0x57,0x8A,0xC2,0x85,0x6B,0x8A,0xC2,0x00,0x80,0x8A,0xC2,0x7B,0x94,0x8A,0xC2,
    0xF6,0xA8,0x8A,0xC2,0x71,0xBD,0x8A,0xC2,0xEC,0xD1,0x8A,0xC2,0x48,0xE1,0x8A,0xC2,0xC3,0xF5,0x8A,0xC2,0x3D,0x0A,0x8B,0xC2,0xB8,0x1E,0x8B,0xC2,0x33,0x33,0x8B,0xC2,
    0xAE,0x47,0x8B,0xC2,0x0A,0x57,0x8B,0xC2,0x85,0x6B,0x8B,0xC2,0x00,0x80,0x8B,0xC2,0x7B,0x94,0x8B,0xC2,0xF6,0xA8,0x8B,0xC2,0x52,0xB8,0x8B,0xC2,0xCD,0xCC,0x8B,0xC2,
    0x48,0xE1,0x8B,0xC2,0xC3,0xF5,0x8B,0xC2,0x1F,0x05,0x8C,0xC2,0x9A,0x19,0x8C,0xC2,0x14,0x2E,0x8C,0xC2,0x8F,0x42,0x8C,0xC2,0x0A,0x57,0x8C,0xC2,0x66,0x66,0x8C,0xC2,
    0xE1,0x7A,0x8C,0xC2,0x5C,0x8F,0x8C,0xC2,0xD7,0xA3,0x8C,0xC2,0x33,0xB3,0x8C,0xC2,0xAE,0xC7,0x8C,0xC2,0x29,0xDC,0x8C,0xC2,0xA4,0xF0,0x8C,0xC2,0x00,0x00,0x8D,0xC2,
    0x7B,0x14,0x8D,0xC2,0xF6,0x28,0x8D,0xC2,0x52,0x38,0x8D,0xC2,0xCD,0x4C,0x8D,0xC2,0x48,0x61,0x8D,0xC2,0xC3,0x75,0x8D,0xC2,0x1F,0x85,0x8D,0xC2,0x9A,0x99,0x8D,0xC2,
    0x14,0xAE,0x8D,0xC2,0x71,0xBD,0x8D,0xC2,0xEC,0xD1,0x8D,0xC2,0x66,0xE6,0x8D,0xC2,0xC3,0xF5,0x8D,0xC2,0x3D,0x0A,0x8E,0xC2,0xB8,0x1E,0x8E,0xC2,0x14,0x2E,0x8E,0xC2,
    0x8F,0x42,0x8E,0xC2,0x0A,0x57,0x8E,0xC2,0x66,0x66,0x8E,0xC2,0xE1,0x7A,0x8E,0xC2,0x5C,0x8F,0x8E,0xC2,0xB8,0x9E,0x8E,0xC2,0x33,0xB3,0x8E,0xC2,0xAE,0xC7,0x8E,0xC2,
    0x0A,0xD7,0x8E,0xC2,0x85,0xEB,0x8E,0xC2,0xE1,0xFA,0x8E,0xC2,0x5C,0x0F,0x8F,0xC2,0xD7,0x23,0x8F,0xC2,0x33,0x33,0x8F,0xC2,0xAE,0x47,0x8F,0xC2,0x29,0x5C,0x8F,0xC2,
    0x85,0x6B,0x8F,0xC2,0x00,0x80,0x8F,0xC2,0x5C,0x8F,0x8F,0xC2,0xD7,0xA3,0x8F,0xC2,0x52,0xB8,0x8F,0xC2,0xAE,0xC7,0x8F,0xC2,0x29,0xDC,0x8F,0xC2,0x85,0xEB,0x8F,0xC2,
    0x00,0x00,0x90,0xC2,0x5C,0x0F,0x90,0xC2,0xD7,0x23,0x90,0xC2,0x52,0x38,0x90,0xC2,0xAE,0x47,0x90,0xC2,0x29,0x5C,0x90,0xC2,0x85,0x6B,0x90,0xC2,0x00,0x80,0x90,0xC2,
    0x5C,0x8F,0x90,0xC2,0xD7,0xA3,0x90,0xC2,0x33,0xB3,0x90,0xC2,0xAE,0xC7,0x90,0xC2,0x0A,0xD7,0x90,0xC2,0x85,0xEB,0x90,0xC2,0x00,0x00,0x91,0xC2,0x5C,0x0F,0x91,0xC2,
    0xD7,0x23,0x91,0xC2,0x33,0x33,0x91,0xC2,0xAE,0x47,0x91,0xC2,0x0A,0x57,0x91,0xC2,0x85,0x6B,0x91,0xC2,0xE1,0x7A,0x91,0xC2,0x5C,0x8F,0x91,0xC2,0xB8,0x9E,0x91,0xC2,
    0x33,0xB3,0x91,0xC2,0x8F,0xC2,0x91,0xC2,0x0A,0xD7,0x91,0xC2,0x66,0xE6,0x91,0xC2,0xE1,0xFA,0x91,0xC2,0x3D,0x0A,0x92,0xC2,0x9A,0x19,0x92,0xC2,0x14,0x2E,0x92,0xC2,
    0x71,0x3D,0x92,0xC2,0xEC,0x51,0x92,0xC2,0x48,0x61,0x92,0xC2,0xC3,0x75,0x92,0xC2,0x1F,0x85,0x92,0xC2,0x9A,0x99,0x92,0xC2,0xF6,0xA8,0x92,0xC2,0x71,0xBD,0x92,0xC2,
    0xCD,0xCC,0x92,0xC2,0x29,0xDC,0x92,0xC2,0xA4,0xF0,0x92,0xC2,0x00,0x00,0x93,0xC2,0x7B,0x14,0x93,0xC2,0xD7,0x23,0x93,0xC2,0x52,0x38,0x93,0xC2,0xAE,0x47,0x93,0xC2,
    0x0A,0x57,0x93,0xC2,0x85,0x6B,0x93,0xC2,0xE1,0x7A,0x93,0xC2,0x5C,0x8F,0x93,0xC2,0xB8,0x9E,0x93,0xC2,0x14,0xAE,0x93,0xC2,0x8F,0xC2,0x93,0xC2,0xEC,0xD1,0x93,0xC2,
    0x66,0xE6,0x93,0xC2,0xC3,0xF5,0x93,0xC2,0x1F,0x05,0x94,0xC2,0x9A,0x19,0x94,0xC2,0xF6,0x28,0x94,0xC2,0x52,0x38,0x94,0xC2,0xCD,0x4C,0x94,0xC2,0x29,0x5C,0x94,0xC2,
    0xA4,0x70,0x94,0xC2,0x00,0x80,0x94,0xC2,0x5C,0x8F,0x94,0xC2,0xD7,0xA3,0x94,0xC2,0x33,0xB3,0x94,0xC2,0x8F,0xC2,0x94,0xC2,0x0A,0xD7,0x94,0xC2,0x66,0xE6,0x94,0xC2,
    0xC3,0xF5,0x94,0xC2,0x3D,0x0A,0x95,0xC2,0x9A,0x19,0x95,0xC2,0xF6,0x28,0x95,0xC2,0x71,0x3D,0x95,0xC2,0xCD,0x4C,0x95,0xC2,0x29,0x5C,0x95,0xC2,0xA4,0x70,0x95,0xC2,
    0x00,0x80,0x95,0xC2,0x5C,0x8F,0x95,0xC2,0xD7,0xA3,0x95,0xC2,0x33,0xB3,0x95,0xC2,0x8F,0xC2,0x95,0xC2,0xEC,0xD1,0x95,0xC2,0x66,0xE6,0x95,0xC2,0xC3,0xF5,0x95,0xC2,
    0x1F,0x05,0x96,0xC2,0x9A,0x19,0x96,0xC2,0xF6,0x28,0x96,0xC2,0x52,0x38,0x96,0xC2,0xAE,0x47,0x96,0xC2,0x29,0x5C,0x96,0xC2,0x85,0x6B,0x96,0xC2,0xE1,0x7A,0x96,0xC2,
    0x5C,0x8F,0x96,0xC2,0xB8,0x9E,0x96,0xC2,0x14,0xAE,0x96,0xC2,0x71,0xBD,0x96,0xC2,0xEC,0xD1,0x96,0xC2,0x48,0xE1,0x96,0xC2,0xA4,0xF0,0x96,0xC2,0x00,0x00,0x97,0xC2,
    0x7B,0x14,0x97,0xC2,0xD7,0x23,0x97,0xC2,0x33,0x33,0x97,0xC2,0x8F,0x42,0x97,0xC2,0x0A,0x57,0x97,0xC2,0x66,0x66,0x97,0xC2,0xC3,0x75,0x97,0xC2,0x1F,0x85,0x97,0xC2,
    0x7B,0x94,0x97,0xC2,0xF6,0xA8,0x97,0xC2,0x52,0xB8,0x97,0xC2,0xAE,0xC7,0x97,0xC2,0x0A,0xD7,0x97,0xC2,0x66,0xE6,0x97,0xC2,0xE1,0xFA,0x97,0xC2,0x3D,0x0A,0x98,0xC2,
    0x9A,0x19,0x98,0xC2,0xF6,0x28,0x98,0xC2,0x52,0x38,0x98,0xC2,0xCD,0x4C,0x98,0xC2,0x29,0x5C,0x98,0xC2,0x85,0x6B,0x98,0xC2,0xE1,0x7A,0x98,0xC2,0x3D,0x8A,0x98,0xC2,
    0xB8,0x9E,0x98,0xC2,0x14,0xAE,0x98,0xC2,0x71,0xBD,0x98,0xC2,0xCD,0xCC,0x98,0xC2,0x29,0xDC,0x98,0xC2,0x85,0xEB,0x98,0xC2,0x00,0x00,0x99,0xC2,0x5C,0x0F,0x99,0xC2,
    0xB8,0x1E,0x99,0xC2,0x14,0x2E,0x99,0xC2,0x71,0x3D,0x99,0xC2,0xCD,0x4C,0x99,0xC2,0x29,0x5C,0x99,0xC2,0xA4,0x70,0x99,0xC2,0x00,0x80,0x99,0xC2,0x5C,0x8F,0x99,0xC2,
    0xB8,0x9E,0x99,0xC2,0x14,0xAE,0x99,0xC2,0x71,0xBD,0x99,0xC2,0xCD,0xCC,0x99,0xC2,0x29,0xDC,0x99,0xC2,0xA4,0xF0,0x99,0xC2,0x00,0x00,0x9A,0xC2,0x5C,0x0F,0x9A,0xC2,
    0xB8,0x1E,0x9A,0xC2,0x14,0x2E,0x9A,0xC2,0x71,0x3D,0x9A,0xC2,0xCD,0x4C,0x9A,0xC2,0x29,0x5C,0x9A,0xC2,0x85,0x6B,0x9A,0xC2,0xE1,0x7A,0x9A,0xC2,0x5C,0x8F,0x9A,0xC2,
    0xB8,0x9E,0x9A,0xC2,0x14,0xAE,0x9A,0xC2,0x71,0xBD,0x9A,0xC2,0xCD,0xCC,0x9A,0xC2,0x29,0xDC,0x9A,0xC2,0x85,0xEB,0x9A,0xC2,0xE1,0xFA,0x9A,0xC2,0x3D,0x0A,0x9B,0xC2,
    0x9A,0x19,0x9B,0xC2,0xF6,0x28,0x9B,0xC2,0x52,0x38,0x9B,0xC2,0xAE,0x47,0x9B,0xC2,0x29,0x5C,0x9B,0xC2,0x85,0x6B,0x9B,0xC2,0xE1,0x7A,0x9B,0xC2,0x3D,0x8A,0x9B,0xC2,
    0x9A,0x99,0x9B,0xC2,0xF6,0xA8,0x9B,0xC2,0x52,0xB8,0x9B,0xC2,0xAE,0xC7,0x9B,0xC2,0x0A,0xD7,0x9B,0xC2,0x66,0xE6,0x9B,0xC2,0xC3,0xF5,0x9B,0xC2,0x1F,0x05,0x9C,0xC2,
    0x7B,0x14,0x9C,0xC2,0xD7,0x23,0x9C,0xC2,0x33,0x33,0x9C,0xC2,0x8F,0x42,0x9C,0xC2,0xEC,0x51,0x9C,0xC2,0x48,0x61,0x9C,0xC2,0xA4,0x70,0x9C,0xC2,0x00,0x80,0x9C,0xC2,
    0x5C,0x8F,0x9C,0xC2,0xB8,0x9E,0x9C,0xC2,0x14,0xAE,0x9C,0xC2,0x71,0xBD,0x9C,0xC2,0xCD,0xCC,0x9C,0xC2,0x29,0xDC,0x9C,0xC2,0x85,0xEB,0x9C,0xC2,0xE1,0xFA,0x9C,0xC2,
    0x3D,0x0A,0x9D,0xC2,0x9A,0x19,0x9D,0xC2,0xF6,0x28,0x9D,0xC2,0x52,0x38,0x9D,0xC2,0xAE,0x47,0x9D,0xC2,0x0A,0x57,0x9D,0xC2,0x66,0x66,0x9D,0xC2,0xC3,0x75,0x9D,0xC2,
    0x1F,0x85,0x9D,0xC2,0x7B,0x94,0x9D,0xC2,0xD7,0xA3,0x9D,0xC2,0x33,0xB3,0x9D,0xC2,0x8F,0xC2,0x9D,0xC2,0xEC,0xD1,0x9D,0xC2,0x48,0xE1,0x9D,0xC2,0xA4,0xF0,0x9D,0xC2,
    0x00,0x00,0x9E,0xC2,0x5C,0x0F,0x9E,0xC2,0x9A,0x19,0x9E,0xC2,0xF6,0x28,0x9E,0xC2,0x52,0x38,0x9E,0xC2,0xAE,0x47,0x9E,0xC2,0x0A,0x57,0x9E,0xC2,0x66,0x66,0x9E,0xC2,
    0xC3,0x75,0x9E,0xC2,0x1F,0x85,0x9E,0xC2,0x7B,0x94,0x9E,0xC2,0xD7,0xA3,0x9E,0xC2,0x33,0xB3,0x9E,0xC2,0x8F,0xC2,0x9E,0xC2,0xEC,0xD1,0x9E,0xC2,0x48,0xE1,0x9E,0xC2,
    0x85,0xEB,0x9E,0xC2,0xE1,0xFA,0x9E,0xC2,0x3D,0x0A,0x9F,0xC2,0x9A,0x19,0x9F,0xC2,0xF6,0x28,0x9F,0xC2,0x52,0x38,0x9F,0xC2,0xAE,0x47,0x9F,0xC2,0x0A,0x57,0x9F,0xC2,
    0x66,0x66,0x9F,0xC2,0xC3,0x75,0x9F,0xC2,0x00,0x80,0x9F,0xC2,0x5C,0x8F,0x9F,0xC2,0xB8,0x9E,0x9F,0xC2,0x14,0xAE,0x9F,0xC2,0x71,0xBD,0x9F,0xC2,0xCD,0xCC,0x9F,0xC2,
    0x29,0xDC,0x9F,0xC2,0x85,0xEB,0x9F,0xC2,0xC3,0xF5,0x9F,0xC2,0x1F,0x05,0xA0,0xC2,0x7B,0x14,0xA0,0xC2,0xD7,0x23,0xA0,0xC2,0x33,0x33,0xA0,0xC2,0x8F,0x42,0xA0,0xC2,
    0xEC,0x51,0xA0,0xC2,0x29,0x5C,0xA0,0xC2,0x85,0x6B,0xA0,0xC2,0xE1,0x7A,0xA0,0xC2,0x3D,0x8A,0xA0,0xC2,0x9A,0x99,0xA0,0xC2,0xF6,0xA8,0xA0,0xC2,0x52,0xB8,0xA0,0xC2,
    0x8F,0xC2,0xA0,0xC2,0xEC,0xD1,0xA0,0xC2,0x48,0xE1,0xA0,0xC2,0xA4,0xF0,0xA0,0xC2,0x00,0x00,0xA1,0xC2,0x5C,0x0F,0xA1,0xC2,0x9A,0x19,0xA1,0xC2,0xF6,0x28,0xA1,0xC2,
    0x52,0x38,0xA1,0xC2,0xAE,0x47,0xA1,0xC2,0x0A,0x57,0xA1,0xC2,0x66,0x66,0xA1,0xC2,0xA4,0x70,0xA1,0xC2,0x00,0x80,0xA1,0xC2,0x5C,0x8F,0xA1,0xC2,0xB8,0x9E,0xA1,0xC2,
    0x14,0xAE,0xA1,0xC2,0x52,0xB8,0xA1,0xC2,0xAE,0xC7,0xA1,0xC2,0x0A,0xD7,0xA1,0xC2,0x66,0xE6,0xA1,0xC2,0xC3,0xF5,0xA1,0xC2,0x00,0x00,0xA2,0xC2,0x5C,0x0F,0xA2,0xC2,
    0xB8,0x1E,0xA2,0xC2,0x14,0x2E,0xA2,0xC2,0x71,0x3D,0xA2,0xC2,0xAE,0x47,0xA2,0xC2,0x0A,0x57,0xA2,0xC2,0x66,0x66,0xA2,0xC2,0xC3,0x75,0xA2,0xC2,0x00,0x80,0xA2,0xC2,
    0x5C,0x8F,0xA2,0xC2,0xB8,0x9E,0xA2,0xC2,0x14,0xAE,0xA2,0xC2,0x52,0xB8,0xA2,0xC2,0xAE,0xC7,0xA2,0xC2,0x0A,0xD7,0xA2,0xC2,0x66,0xE6,0xA2,0xC2,0xC3,0xF5,0xA2,0xC2,
    0x00,0x00,0xA3,0xC2,0x5C,0x0F,0xA3,0xC2,0xB8,0x1E,0xA3,0xC2,0x14,0x2E,0xA3,0xC2,0x52,0x38,0xA3,0xC2,0xAE,0x47,0xA3,0xC2,0x0A,0x57,0xA3,0xC2,0x66,0x66,0xA3,0xC2,
    0xA4,0x70,0xA3,0xC2,0x00,0x80,0xA3,0xC2,0x5C,0x8F,0xA3,0xC2,0x9A,0x99,0xA3,0xC2,0xF6,0xA8,0xA3,0xC2,0x52,0xB8,0xA3,0xC2,0xAE,0xC7,0xA3,0xC2,0xEC,0xD1,0xA3,0xC2,
    0x48,0xE1,0xA3,0xC2,0xA4,0xF0,0xA3,0xC2,0x00,0x00,0xA4,0xC2,0x3D,0x0A,0xA4,0xC2,0x9A,0x19,0xA4,0xC2,0xF6,0x28,0xA4,0xC2,0x33,0x33,0xA4,0xC2,0x8F,0x42,0xA4,0xC2,
    0xEC,0x51,0xA4,0xC2,0x48,0x61,0xA4,0xC2,0x85,0x6B,0xA4,0xC2,0xE1,0x7A,0xA4,0xC2,0x3D,0x8A,0xA4,0xC2,0x7B,0x94,0xA4,0xC2,0xD7,0xA3,0xA4,0xC2,0x33,0xB3,0xA4,0xC2,
    0x71,0xBD,0xA4,0xC2,0xCD,0xCC,0xA4,0xC2,0x29,0xDC,0xA4,0xC2,0x66,0xE6,0xA4,0xC2,0xC3,0xF5,0xA4,0xC2,0x1F,0x05,0xA5,0xC2,0x7B,0x14,0xA5,0xC2,0xB8,0x1E,0xA5,0xC2,
    0x14,0x2E,0xA5,0xC2,0x71,0x3D,0xA5,0xC2,0xAE,0x47,0xA5,0xC2,0x0A,0x57,0xA5,0xC2,0x66,0x66,0xA5,0xC2,0xA4,0x70,0xA5,0xC2,0x00,0x80,0xA5,0xC2,0x5C,0x8F,0xA5,0xC2,
    0x9A,0x99,0xA5,0xC2,0xF6,0xA8,0xA5,0xC2,0x52,0xB8,0xA5,0xC2,0x8F,0xC2,0xA5,0xC2,0xEC,0xD1,0xA5,0xC2,0x29,0xDC,0xA5,0xC2,0x85,0xEB,0xA5,0xC2,0xE1,0xFA,0xA5,0xC2,
    0x1F,0x05,0xA6,0xC2,0x7B,0x14,0xA6,0xC2,0xD7,0x23,0xA6,0xC2,0x14,0x2E,0xA6,0xC2,0x71,0x3D,0xA6,0xC2,0xCD,0x4C,0xA6,0xC2,0x0A,0x57,0xA6,0xC2,0x66,0x66,0xA6,0xC2,
    0xC3,0x75,0xA6,0xC2,0x00,0x80,0xA6,0xC2,0x5C,0x8F,0xA6,0xC2,0x9A,0x99,0xA6,0xC2,0xF6,0xA8,0xA6,0xC2,0x52,0xB8,0xA6,0xC2,0x8F,0xC2,0xA6,0xC2,0xEC,0xD1,0xA6,0xC2,
    0x48,0xE1,0xA6,0xC2,0x85,0xEB,0xA6,0xC2,0xE1,0xFA,0xA6,0xC2,0x1F,0x05,0xA7,0xC2,0x7B,0x14,0xA7,0xC2,0xD7,0x23,0xA7,0xC2,0x14,0x2E,0xA7,0xC2,0x71,0x3D,0xA7,0xC2,
    0xAE,0x47,0xA7,0xC2,0x0A,0x57,0xA7,0xC2,0x66,0x66,0xA7,0xC2,0xA4,0x70,0xA7,0xC2,0x00,0x80,0xA7,0xC2,0x3D,0x8A,0xA7,0xC2,0x9A,0x99,0xA7,0xC2,0xF6,0xA8,0xA7,0xC2,
    0x33,0xB3,0xA7,0xC2,0x8F,0xC2,0xA7,0xC2,0xCD,0xCC,0xA7,0xC2,0x29,0xDC,0xA7,0xC2,0x66,0xE6,0xA7,0xC2,0xC3,0xF5,0xA7,0xC2,0x1F,0x05,0xA8,0xC2,0x5C,0x0F,0xA8,0xC2,
    0xB8,0x1E,0xA8,0xC2,0xF6,0x28,0xA8,0xC2,0x52,0x38,0xA8,0xC2,0x8F,0x42,0xA8,0xC2,0xEC,0x51,0xA8,0xC2,0x48,0x61,0xA8,0xC2,0x85,0x6B,0xA8,0xC2,0xE1,0x7A,0xA8,0xC2,
    0x1F,0x85,0xA8,0xC2,0x7B,0x94,0xA8,0xC2,
};
static const uint8 s_Init_8AE554[]{
    0x00,0x00,0x00,0x00,0xFF,0xFF,0xFF,0xFF,0x00,0x00,0x00,0x00,0x00,0x00,0x00,0x00,0x00,0x00,0x00,0x00,0x00,0x00,0x00,0x00,0x00,0x00,0x00,0x00,0x00,0x00,0x00,0x00,
    0x00,0x00,0x00,0x00,0x00,0x00,0x00,0x00,0x00,0x00,0x00,0x00,0x00,0x00,0x00,0x00,0x00,0x00,0x00,0x00,0xFF,0xFF,0xFF,0xFF,0x29,0x5C,0x8F,0x3F,0x00,0x00,0x80,0x3F,
    0xAE,0x47,0x61,0x3F,
};
static const uint8 s_Init_8C8B88[]{
    0x42,0x00,0x00,0x00,0x86,0x00,0x00,0x00,0x82,0x07,0x00,0x00,0x82,0x07,0x00,0x00,0x82,0x07,0x00,0x00,0x82,0x07,0x00,0x00,0x82,0x07,0x00,0x00,0x82,0x07,0x00,0x00,
    0x82,0x07,0x00,0x00,0x82,0x07,0x00,0x00,0x82,0x07,0x00,0x00,0x82,0x07,0x00,0x00,0x82,0x07,0x00,0x00,0x82,0x07,0x00,0x00,0x82,0x07,0x00,0x00,0x82,0x07,0x00,0x00,
    0x82,0x07,0x00,0x00,0x82,0x07,0x00,0x00,0x82,0x07,0x00,0x00,0x82,0x07,0x00,0x00,0x82,0x07,0x00,0x00,0x82,0x07,0x00,0x00,0x82,0x07,0x00,0x00,0x82,0x07,0x00,0x00,
    0x82,0x07,0x00,0x00,0x82,0x07,0x00,0x00,0x82,0x07,0x00,0x00,0x82,0x07,0x00,0x00,0xB9,0x00,0x00,0x00,0xB9,0x00,0x00,0x00,0x3B,0x01,0x00,0x00,0x3B,0x01,0x00,0x00,
    0xD6,0x01,0x00,0x00,0xD6,0x01,0x00,0x00,0xFF,0x02,0x00,0x00,0xFF,0x02,0x00,0x00,0xB2,0x03,0x00,0x00,0xB2,0x03,0x00,0x00,0x25,0x04,0x00,0x00,0x25,0x04,0x00,0x00,
    0xBD,0x04,0x00,0x00,0xBD,0x04,0x00,0x00,0x50,0x05,0x00,0x00,0x50,0x05,0x00,0x00,0xD2,0x05,0x00,0x00,0xD2,0x05,0x00,0x00,0x73,0x06,0x00,0x00,0x73,0x06,0x00,0x00,
    0x82,0x07,0x00,0x00,0x82,0x07,0x00,0x00,0x82,0x07,0x00,0x00,0x82,0x07,0x00,0x00,0xBA,0x00,0x00,0x00,0xBB,0x00,0x00,0x00,0x3C,0x01,0x00,0x00,0x3D,0x01,0x00,0x00,
    0xD7,0x01,0x00,0x00,0xD8,0x01,0x00,0x00,0x00,0x03,0x00,0x00,0x01,0x03,0x00,0x00,0xB3,0x03,0x00,0x00,0xB4,0x03,0x00,0x00,0x26,0x04,0x00,0x00,0x27,0x04,0x00,0x00,
    0xBE,0x04,0x00,0x00,0xBF,0x04,0x00,0x00,0x51,0x05,0x00,0x00,0x52,0x05,0x00,0x00,0xD3,0x05,0x00,0x00,0xD4,0x05,0x00,0x00,0x74,0x06,0x00,0x00,0x75,0x06,0x00,0x00,
    0x82,0x07,0x00,0x00,0x82,0x07,0x00,0x00,0x00,0x00,0x00,0x00,0x26,0x00,0x00,0x00,0xBC,0x00,0x00,0x00,0xCD,0x00,0x00,0x00,0x3E,0x01,0x00,0x00,0x53,0x01,0x00,0x00,
    0xD9,0x01,0x00,0x00,0xE4,0x01,0x00,0x00,0x02,0x03,0x00,0x00,0x22,0x03,0x00,0x00,0xB5,0x03,0x00,0x00,0xCB,0x03,0x00,0x00,0x28,0x04,0x00,0x00,0x39,0x04,0x00,0x00,
    0xC0,0x04,0x00,0x00,0xCE,0x04,0x00,0x00,0x53,0x05,0x00,0x00,0x60,0x05,0x00,0x00,0xD5,0x05,0x00,0x00,0xEA,0x05,0x00,0x00,0x76,0x06,0x00,0x00,0x90,0x06,0x00,0x00,
    0x82,0x07,0x00,0x00,0x82,0x07,0x00,0x00,0x82,0x07,0x00,0x00,0x82,0x07,0x00,0x00,0x82,0x07,0x00,0x00,0x82,0x07,0x00,0x00,0x54,0x01,0x00,0x00,0x58,0x01,0x00,0x00,
    0xE5,0x01,0x00,0x00,0xE7,0x01,0x00,0x00,0x23,0x03,0x00,0x00,0x24,0x03,0x00,0x00,0x82,0x07,0x00,0x00,0x82,0x07,0x00,0x00,0x3A,0x04,0x00,0x00,0x3D,0x04,0x00,0x00,
    0xCF,0x04,0x00,0x00,0xD2,0x04,0x00,0x00,0x61,0x05,0x00,0x00,0x63,0x05,0x00,0x00,0xEB,0x05,0x00,0x00,0xEE,0x05,0x00,0x00,0x91,0x06,0x00,0x00,0x95,0x06,0x00,0x00,
    0x82,0x07,0x00,0x00,0x82,0x07,0x00,0x00,0x82,0x07,0x00,0x00,0x82,0x07,0x00,0x00,0xCE,0x00,0x00,0x00,0xCF,0x00,0x00,0x00,0x82,0x07,0x00,0x00,0x82,0x07,0x00,0x00,
    0xE8,0x01,0x00,0x00,0xE9,0x01,0x00,0x00,0x25,0x03,0x00,0x00,0x26,0x03,0x00,0x00,0xCC,0x03,0x00,0x00,0xCE,0x03,0x00,0x00,0x3E,0x04,0x00,0x00,0x3F,0x04,0x00,0x00,
    0xD3,0x04,0x00,0x00,0xD4,0x04,0x00,0x00,0x64,0x05,0x00,0x00,0x64,0x05,0x00,0x00,0xEF,0x05,0x00,0x00,0xF0,0x05,0x00,0x00,0x96,0x06,0x00,0x00,0x97,0x06,0x00,0x00,
    0x82,0x07,0x00,0x00,0x82,0x07,0x00,0x00,0x82,0x07,0x00,0x00,0x82,0x07,0x00,0x00,0xD0,0x00,0x00,0x00,0xD1,0x00,0x00,0x00,0x59,0x01,0x00,0x00,0x5A,0x01,0x00,0x00,
    0xEA,0x01,0x00,0x00,0xEC,0x01,0x00,0x00,0x27,0x03,0x00,0x00,0x29,0x03,0x00,0x00,0xCF,0x03,0x00,0x00,0xD1,0x03,0x00,0x00,0x40,0x04,0x00,0x00,0x41,0x04,0x00,0x00,
    0xD5,0x04,0x00,0x00,0xD6,0x04,0x00,0x00,0x65,0x05,0x00,0x00,0x66,0x05,0x00,0x00,0xF1,0x05,0x00,0x00,0xF2,0x05,0x00,0x00,0x98,0x06,0x00,0x00,0x99,0x06,0x00,0x00,
    0x82,0x07,0x00,0x00,0x82,0x07,0x00,0x00,0x27,0x00,0x00,0x00,0x3B,0x00,0x00,0x00,0xD2,0x00,0x00,0x00,0xD3,0x00,0x00,0x00,0x5B,0x01,0x00,0x00,0x5C,0x01,0x00,0x00,
    0xED,0x01,0x00,0x00,0xEF,0x01,0x00,0x00,0x2A,0x03,0x00,0x00,0x2B,0x03,0x00,0x00,0xD2,0x03,0x00,0x00,0xD4,0x03,0x00,0x00,0x42,0x04,0x00,0x00,0x43,0x04,0x00,0x00,
    0xD7,0x04,0x00,0x00,0xD8,0x04,0x00,0x00,0x67,0x05,0x00,0x00,0x68,0x05,0x00,0x00,0xF3,0x05,0x00,0x00,0xF4,0x05,0x00,0x00,0x9A,0x06,0x00,0x00,0x9B,0x06,0x00,0x00,
    0x82,0x07,0x00,0x00,0x82,0x07,0x00,0x00,0x82,0x07,0x00,0x00,0x82,0x07,0x00,0x00,0xD7,0x00,0x00,0x00,0xD9,0x00,0x00,0x00,0x5F,0x01,0x00,0x00,0x61,0x01,0x00,0x00,
    0xF2,0x01,0x00,0x00,0xF3,0x01,0x00,0x00,0x2F,0x03,0x00,0x00,0x30,0x03,0x00,0x00,0x82,0x07,0x00,0x00,0x82,0x07,0x00,0x00,0x46,0x04,0x00,0x00,0x49,0x04,0x00,0x00,
    0xDB,0x04,0x00,0x00,0xDD,0x04,0x00,0x00,0x6B,0x05,0x00,0x00,0x6C,0x05,0x00,0x00,0xF7,0x05,0x00,0x00,0xF9,0x05,0x00,0x00,0x9F,0x06,0x00,0x00,0xA0,0x06,0x00,0x00,
    0x82,0x07,0x00,0x00,0x82,0x07,0x00,0x00,0x82,0x07,0x00,0x00,0x82,0x07,0x00,0x00,0xDA,0x00,0x00,0x00,0xDB,0x00,0x00,0x00,0x62,0x01,0x00,0x00,0x63,0x01,0x00,0x00,
    0xF4,0x01,0x00,0x00,0xF5,0x01,0x00,0x00,0x31,0x03,0x00,0x00,0x32,0x03,0x00,0x00,0x82,0x07,0x00,0x00,0x82,0x07,0x00,0x00,0x4A,0x04,0x00,0x00,0x4B,0x04,0x00,0x00,
    0xDE,0x04,0x00,0x00,0xDF,0x04,0x00,0x00,0x6D,0x05,0x00,0x00,0x6E,0x05,0x00,0x00,0xFA,0x05,0x00,0x00,0xFB,0x05,0x00,0x00,0xA1,0x06,0x00,0x00,0xA1,0x06,0x00,0x00,
    0x82,0x07,0x00,0x00,0x82,0x07,0x00,0x00,0x82,0x07,0x00,0x00,0x82,0x07,0x00,0x00,0xD4,0x00,0x00,0x00,0xD6,0x00,0x00,0x00,0x5D,0x01,0x00,0x00,0x5E,0x01,0x00,0x00,
    0xF0,0x01,0x00,0x00,0xF1,0x01,0x00,0x00,0x2C,0x03,0x00,0x00,0x2E,0x03,0x00,0x00,0x82,0x07,0x00,0x00,0x82,0x07,0x00,0x00,0x44,0x04,0x00,0x00,0x45,0x04,0x00,0x00,
    0xD9,0x04,0x00,0x00,0xDA,0x04,0x00,0x00,0x69,0x05,0x00,0x00,0x6A,0x05,0x00,0x00,0xF5,0x05,0x00,0x00,0xF6,0x05,0x00,0x00,0x9C,0x06,0x00,0x00,0x9E,0x06,0x00,0x00,
    0x82,0x07,0x00,0x00,0x82,0x07,0x00,0x00,0x82,0x07,0x00,0x00,0x82,0x07,0x00,0x00,0xDC,0x00,0x00,0x00,0xE6,0x00,0x00,0x00,0x64,0x01,0x00,0x00,0x6C,0x01,0x00,0x00,
    0xF6,0x01,0x00,0x00,0x00,0x02,0x00,0x00,0x33,0x03,0x00,0x00,0x3A,0x03,0x00,0x00,0x82,0x07,0x00,0x00,0x82,0x07,0x00,0x00,0x4C,0x04,0x00,0x00,0x56,0x04,0x00,0x00,
    0xE0,0x04,0x00,0x00,0xEA,0x04,0x00,0x00,0x6F,0x05,0x00,0x00,0x76,0x05,0x00,0x00,0xFC,0x05,0x00,0x00,0x05,0x06,0x00,0x00,0xA2,0x06,0x00,0x00,0xA9,0x06,0x00,0x00,
    0x1D,0x07,0x00,0x00,0x24,0x07,0x00,0x00,0x02,0x00,0x00,0x00,0x0C,0x00,0x00,0x00,0x0F,0x00,0x00,0x00,0x11,0x00,0x00,0x00,0x11,0x00,0x00,0x00,0x10,0x00,0x00,0x00,
    0x10,0x00,0x00,0x00,0x0F,0x00,0x00,0x00,0x0D,0x00,0x00,0x00,0x10,0x00,0x00,0x00,0x12,0x00,0x00,0x00,0x1F,0x00,0x00,0x00,0x3C,0x00,0x00,0x00,0x3F,0x00,0x00,0x00,
    0x82,0x07,0x00,0x00,0x82,0x07,0x00,0x00,0x82,0x07,0x00,0x00,0x82,0x07,0x00,0x00,0x82,0x07,0x00,0x00,0x82,0x07,0x00,0x00,0x82,0x07,0x00,0x00,0x82,0x07,0x00,0x00,
    0x82,0x07,0x00,0x00,0x82,0x07,0x00,0x00,0x82,0x07,0x00,0x00,0x82,0x07,0x00,0x00,0x82,0x07,0x00,0x00,0x82,0x07,0x00,0x00,0x82,0x07,0x00,0x00,0x82,0x07,0x00,0x00,
    0x82,0x07,0x00,0x00,0x82,0x07,0x00,0x00,0x82,0x07,0x00,0x00,0x82,0x07,0x00,0x00,0x82,0x07,0x00,0x00,0x82,0x07,0x00,0x00,0x82,0x07,0x00,0x00,0x82,0x07,0x00,0x00,
    0x82,0x07,0x00,0x00,0x82,0x07,0x00,0x00,0x82,0x07,0x00,0x00,0x82,0x07,0x00,0x00,0x82,0x07,0x00,0x00,0xE7,0x00,0x00,0x00,0xEE,0x00,0x00,0x00,0xF5,0x00,0x00,0x00,
    0xFC,0x00,0x00,0x00,0x03,0x01,0x00,0x00,0x0A,0x01,0x00,0x00,0x11,0x01,0x00,0x00,0x18,0x01,0x00,0x00,0x1F,0x01,0x00,0x00,0x26,0x01,0x00,0x00,0x2D,0x01,0x00,0x00,
    0x34,0x01,0x00,0x00,0x82,0x07,0x00,0x00,0x82,0x07,0x00,0x00,0x82,0x07,0x00,0x00,0x82,0x07,0x00,0x00,0x82,0x07,0x00,0x00,0x82,0x07,0x00,0x00,0x82,0x07,0x00,0x00,
    0x82,0x07,0x00,0x00,0x82,0x07,0x00,0x00,0x82,0x07,0x00,0x00,0x82,0x07,0x00,0x00,0x82,0x07,0x00,0x00,0x82,0x07,0x00,0x00,0x82,0x07,0x00,0x00,0x82,0x07,0x00,0x00,
    0x82,0x07,0x00,0x00,0x82,0x07,0x00,0x00,0x82,0x07,0x00,0x00,0x82,0x07,0x00,0x00,0x6D,0x01,0x00,0x00,0x74,0x01,0x00,0x00,0x7B,0x01,0x00,0x00,0x82,0x01,0x00,0x00,
    0x89,0x01,0x00,0x00,0x90,0x01,0x00,0x00,0x97,0x01,0x00,0x00,0x9E,0x01,0x00,0x00,0xA5,0x01,0x00,0x00,0xAC,0x01,0x00,0x00,0xB3,0x01,0x00,0x00,0xBA,0x01,0x00,0x00,
    0xC1,0x01,0x00,0x00,0xC8,0x01,0x00,0x00,0xCF,0x01,0x00,0x00,0x82,0x07,0x00,0x00,0x82,0x07,0x00,0x00,0x82,0x07,0x00,0x00,0x82,0x07,0x00,0x00,0x82,0x07,0x00,0x00,
    0x82,0x07,0x00,0x00,0x82,0x07,0x00,0x00,0x82,0x07,0x00,0x00,0x82,0x07,0x00,0x00,0x82,0x07,0x00,0x00,0x82,0x07,0x00,0x00,0x82,0x07,0x00,0x00,0x82,0x07,0x00,0x00,
    0x82,0x07,0x00,0x00,0x82,0x07,0x00,0x00,0x82,0x07,0x00,0x00,0x01,0x02,0x00,0x00,0x08,0x02,0x00,0x00,0x0F,0x02,0x00,0x00,0x16,0x02,0x00,0x00,0x1D,0x02,0x00,0x00,
    0x23,0x02,0x00,0x00,0x2A,0x02,0x00,0x00,0x31,0x02,0x00,0x00,0x34,0x02,0x00,0x00,0x3A,0x02,0x00,0x00,0x41,0x02,0x00,0x00,0x48,0x02,0x00,0x00,0x4F,0x02,0x00,0x00,
    0x56,0x02,0x00,0x00,0x5D,0x02,0x00,0x00,0x64,0x02,0x00,0x00,0x6B,0x02,0x00,0x00,0x82,0x07,0x00,0x00,0x82,0x07,0x00,0x00,0x82,0x07,0x00,0x00,0x82,0x07,0x00,0x00,
    0x82,0x07,0x00,0x00,0x82,0x07,0x00,0x00,0x82,0x07,0x00,0x00,0x82,0x07,0x00,0x00,0x82,0x07,0x00,0x00,0x82,0x07,0x00,0x00,0x82,0x07,0x00,0x00,0x82,0x07,0x00,0x00,
    0x82,0x07,0x00,0x00,0x82,0x07,0x00,0x00,0x3B,0x03,0x00,0x00,0x42,0x03,0x00,0x00,0x49,0x03,0x00,0x00,0x50,0x03,0x00,0x00,0x57,0x03,0x00,0x00,0x5E,0x03,0x00,0x00,
    0x65,0x03,0x00,0x00,0x6C,0x03,0x00,0x00,0x73,0x03,0x00,0x00,0x7A,0x03,0x00,0x00,0x81,0x03,0x00,0x00,0x88,0x03,0x00,0x00,0x8F,0x03,0x00,0x00,0x96,0x03,0x00,0x00,
    0x9D,0x03,0x00,0x00,0xA4,0x03,0x00,0x00,0xAB,0x03,0x00,0x00,0x82,0x07,0x00,0x00,0x82,0x07,0x00,0x00,0x82,0x07,0x00,0x00,0x82,0x07,0x00,0x00,0x82,0x07,0x00,0x00,
    0x82,0x07,0x00,0x00,0x82,0x07,0x00,0x00,0x82,0x07,0x00,0x00,0x82,0x07,0x00,0x00,0x82,0x07,0x00,0x00,0x82,0x07,0x00,0x00,0x82,0x07,0x00,0x00,0x82,0x07,0x00,0x00,
    0x82,0x07,0x00,0x00,0xD5,0x03,0x00,0x00,0xDA,0x03,0x00,0x00,0xDF,0x03,0x00,0x00,0xE4,0x03,0x00,0x00,0xE9,0x03,0x00,0x00,0xEE,0x03,0x00,0x00,0xF3,0x03,0x00,0x00,
    0xF8,0x03,0x00,0x00,0xFD,0x03,0x00,0x00,0x02,0x04,0x00,0x00,0x07,0x04,0x00,0x00,0x0C,0x04,0x00,0x00,0x11,0x04,0x00,0x00,0x16,0x04,0x00,0x00,0x1B,0x04,0x00,0x00,
    0x20,0x04,0x00,0x00,0x82,0x07,0x00,0x00,0x82,0x07,0x00,0x00,0x82,0x07,0x00,0x00,0x82,0x07,0x00,0x00,0x82,0x07,0x00,0x00,0x82,0x07,0x00,0x00,0x82,0x07,0x00,0x00,
    0x82,0x07,0x00,0x00,0x82,0x07,0x00,0x00,0x82,0x07,0x00,0x00,0x82,0x07,0x00,0x00,0x82,0x07,0x00,0x00,0x82,0x07,0x00,0x00,0x82,0x07,0x00,0x00,0x82,0x07,0x00,0x00,
    0x57,0x04,0x00,0x00,0x5E,0x04,0x00,0x00,0x65,0x04,0x00,0x00,0x6C,0x04,0x00,0x00,0x73,0x04,0x00,0x00,0x7A,0x04,0x00,0x00,0x80,0x04,0x00,0x00,0x86,0x04,0x00,0x00,
    0x8C,0x04,0x00,0x00,0x91,0x04,0x00,0x00,0x98,0x04,0x00,0x00,0x9F,0x04,0x00,0x00,0xA6,0x04,0x00,0x00,0xAB,0x04,0x00,0x00,0xB2,0x04,0x00,0x00,0xB8,0x04,0x00,0x00,
    0x82,0x07,0x00,0x00,0x82,0x07,0x00,0x00,0x82,0x07,0x00,0x00,0x82,0x07,0x00,0x00,0x82,0x07,0x00,0x00,0x82,0x07,0x00,0x00,0x82,0x07,0x00,0x00,0x82,0x07,0x00,0x00,
    0x82,0x07,0x00,0x00,0x82,0x07,0x00,0x00,0x82,0x07,0x00,0x00,0x82,0x07,0x00,0x00,0x82,0x07,0x00,0x00,0x82,0x07,0x00,0x00,0x82,0x07,0x00,0x00,0xEB,0x04,0x00,0x00,
    0xF2,0x04,0x00,0x00,0xF9,0x04,0x00,0x00,0x00,0x05,0x00,0x00,0x07,0x05,0x00,0x00,0x0E,0x05,0x00,0x00,0x15,0x05,0x00,0x00,0x1C,0x05,0x00,0x00,0x23,0x05,0x00,0x00,
    0x2A,0x05,0x00,0x00,0x31,0x05,0x00,0x00,0x38,0x05,0x00,0x00,0x3F,0x05,0x00,0x00,0x46,0x05,0x00,0x00,0x4D,0x05,0x00,0x00,0x82,0x07,0x00,0x00,0x82,0x07,0x00,0x00,
    0x82,0x07,0x00,0x00,0x82,0x07,0x00,0x00,0x82,0x07,0x00,0x00,0x82,0x07,0x00,0x00,0x82,0x07,0x00,0x00,0x82,0x07,0x00,0x00,0x82,0x07,0x00,0x00,0x82,0x07,0x00,0x00,
    0x82,0x07,0x00,0x00,0x82,0x07,0x00,0x00,0x82,0x07,0x00,0x00,0x82,0x07,0x00,0x00,0x82,0x07,0x00,0x00,0x82,0x07,0x00,0x00,0x77,0x05,0x00,0x00,0x7E,0x05,0x00,0x00,
    0x85,0x05,0x00,0x00,0x8C,0x05,0x00,0x00,0x93,0x05,0x00,0x00,0x9A,0x05,0x00,0x00,0xA1,0x05,0x00,0x00,0xA8,0x05,0x00,0x00,0xAF,0x05,0x00,0x00,0xB6,0x05,0x00,0x00,
    0xBD,0x05,0x00,0x00,0xC4,0x05,0x00,0x00,0xCB,0x05,0x00,0x00,0x82,0x07,0x00,0x00,0x82,0x07,0x00,0x00,0x82,0x07,0x00,0x00,0x82,0x07,0x00,0x00,0x82,0x07,0x00,0x00,
    0x82,0x07,0x00,0x00,0x82,0x07,0x00,0x00,0x82,0x07,0x00,0x00,0x82,0x07,0x00,0x00,0x82,0x07,0x00,0x00,0x82,0x07,0x00,0x00,0x82,0x07,0x00,0x00,0x82,0x07,0x00,0x00,
    0x82,0x07,0x00,0x00,0x82,0x07,0x00,0x00,0x82,0x07,0x00,0x00,0x82,0x07,0x00,0x00,0x82,0x07,0x00,0x00,0x06,0x06,0x00,0x00,0x0D,0x06,0x00,0x00,0x14,0x06,0x00,0x00,
    0x1B,0x06,0x00,0x00,0x22,0x06,0x00,0x00,0x29,0x06,0x00,0x00,0x30,0x06,0x00,0x00,0x37,0x06,0x00,0x00,0x3E,0x06,0x00,0x00,0x45,0x06,0x00,0x00,0x4C,0x06,0x00,0x00,
    0x53,0x06,0x00,0x00,0x59,0x06,0x00,0x00,0x60,0x06,0x00,0x00,0x67,0x06,0x00,0x00,0x6D,0x06,0x00,0x00,0x82,0x07,0x00,0x00,0x82,0x07,0x00,0x00,0x82,0x07,0x00,0x00,
    0x82,0x07,0x00,0x00,0x82,0x07,0x00,0x00,0x82,0x07,0x00,0x00,0x82,0x07,0x00,0x00,0x82,0x07,0x00,0x00,0x82,0x07,0x00,0x00,0x82,0x07,0x00,0x00,0x82,0x07,0x00,0x00,
    0x82,0x07,0x00,0x00,0x82,0x07,0x00,0x00,0x82,0x07,0x00,0x00,0x82,0x07,0x00,0x00,0xAA,0x06,0x00,0x00,0xB1,0x06,0x00,0x00,0xB8,0x06,0x00,0x00,0xBF,0x06,0x00,0x00,
    0xC6,0x06,0x00,0x00,0xCD,0x06,0x00,0x00,0xD4,0x06,0x00,0x00,0xDA,0x06,0x00,0x00,0xE1,0x06,0x00,0x00,0xE8,0x06,0x00,0x00,0xEF,0x06,0x00,0x00,0xF6,0x06,0x00,0x00,
    0xFB,0x06,0x00,0x00,0xFE,0x06,0x00,0x00,0x04,0x07,0x00,0x00,0x0B,0x07,0x00,0x00,0x11,0x07,0x00,0x00,0x16,0x07,0x00,0x00,0x82,0x07,0x00,0x00,0x82,0x07,0x00,0x00,
    0x82,0x07,0x00,0x00,0x82,0x07,0x00,0x00,0x82,0x07,0x00,0x00,0x82,0x07,0x00,0x00,0x82,0x07,0x00,0x00,0x82,0x07,0x00,0x00,0x82,0x07,0x00,0x00,0x82,0x07,0x00,0x00,
    0x82,0x07,0x00,0x00,0x82,0x07,0x00,0x00,0x82,0x07,0x00,0x00,0x25,0x07,0x00,0x00,0x28,0x07,0x00,0x00,0x2B,0x07,0x00,0x00,0x2E,0x07,0x00,0x00,0x31,0x07,0x00,0x00,
    0x34,0x07,0x00,0x00,0x37,0x07,0x00,0x00,0x3A,0x07,0x00,0x00,0x3D,0x07,0x00,0x00,0x40,0x07,0x00,0x00,0x43,0x07,0x00,0x00,0x46,0x07,0x00,0x00,0x49,0x07,0x00,0x00,
    0x4C,0x07,0x00,0x00,0x4F,0x07,0x00,0x00,0x52,0x07,0x00,0x00,0x55,0x07,0x00,0x00,0x58,0x07,0x00,0x00,0x5B,0x07,0x00,0x00,0x5E,0x07,0x00,0x00,0x61,0x07,0x00,0x00,
    0x64,0x07,0x00,0x00,0x67,0x07,0x00,0x00,0x6A,0x07,0x00,0x00,0x6D,0x07,0x00,0x00,0x70,0x07,0x00,0x00,0x73,0x07,0x00,0x00,0x76,0x07,0x00,0x00,0x79,0x07,0x00,0x00,
    0x7C,0x07,0x00,0x00,0x7F,0x07,0x00,0x00,0x3D,0x00,0x00,0x00,0x3D,0x00,0x00,0x00,0x40,0x00,0x00,0x00,0x40,0x00,0x00,0x00,0x82,0x07,0x00,0x00,0x82,0x07,0x00,0x00,
    0x82,0x07,0x00,0x00,0x82,0x07,0x00,0x00,0x82,0x07,0x00,0x00,0x82,0x07,0x00,0x00,0x82,0x07,0x00,0x00,0x82,0x07,0x00,0x00,0x82,0x07,0x00,0x00,0x82,0x07,0x00,0x00,
    0x82,0x07,0x00,0x00,0x82,0x07,0x00,0x00,0x82,0x07,0x00,0x00,0x82,0x07,0x00,0x00,0x82,0x07,0x00,0x00,0x82,0x07,0x00,0x00,0x82,0x07,0x00,0x00,0x82,0x07,0x00,0x00,
    0x82,0x07,0x00,0x00,0x82,0x07,0x00,0x00,0x82,0x07,0x00,0x00,0x82,0x07,0x00,0x00,0x82,0x07,0x00,0x00,0x82,0x07,0x00,0x00,0x82,0x07,0x00,0x00,0x82,0x07,0x00,0x00,
    0x82,0x07,0x00,0x00,0x82,0x07,0x00,0x00,0x82,0x07,0x00,0x00,0x82,0x07,0x00,0x00,0x82,0x07,0x00,0x00,0x82,0x07,0x00,0x00,0x82,0x07,0x00,0x00,0x82,0x07,0x00,0x00,
    0x82,0x07,0x00,0x00,0x82,0x07,0x00,0x00,0x82,0x07,0x00,0x00,0x82,0x07,0x00,0x00,0x82,0x07,0x00,0x00,0x82,0x07,0x00,0x00,0x82,0x07,0x00,0x00,0x82,0x07,0x00,0x00,
    0x82,0x07,0x00,0x00,0x82,0x07,0x00,0x00,0x82,0x07,0x00,0x00,0x82,0x07,0x00,0x00,0x82,0x07,0x00,0x00,0x82,0x07,0x00,0x00,0x82,0x07,0x00,0x00,0x82,0x07,0x00,0x00,
    0x82,0x07,0x00,0x00,0x82,0x07,0x00,0x00,0x82,0x07,0x00,0x00,0x82,0x07,0x00,0x00,0x82,0x07,0x00,0x00,0x82,0x07,0x00,0x00,0x82,0x07,0x00,0x00,0x82,0x07,0x00,0x00,
    0xE8,0x00,0x00,0x00,0xEA,0x00,0x00,0x00,0xEF,0x00,0x00,0x00,0xF1,0x00,0x00,0x00,0xF6,0x00,0x00,0x00,0xF8,0x00,0x00,0x00,0xFD,0x00,0x00,0x00,0xFF,0x00,0x00,0x00,
    0x04,0x01,0x00,0x00,0x06,0x01,0x00,0x00,0x0B,0x01,0x00,0x00,0x0D,0x01,0x00,0x00,0x12,0x01,0x00,0x00,0x14,0x01,0x00,0x00,0x19,0x01,0x00,0x00,0x1B,0x01,0x00,0x00,
    0x20,0x01,0x00,0x00,0x22,0x01,0x00,0x00,0x27,0x01,0x00,0x00,0x29,0x01,0x00,0x00,0x2E,0x01,0x00,0x00,0x30,0x01,0x00,0x00,0x35,0x01,0x00,0x00,0x37,0x01,0x00,0x00,
    0x82,0x07,0x00,0x00,0x82,0x07,0x00,0x00,0x82,0x07,0x00,0x00,0x82,0x07,0x00,0x00,0x82,0x07,0x00,0x00,0x82,0x07,0x00,0x00,0x82,0x07,0x00,0x00,0x82,0x07,0x00,0x00,
    0x82,0x07,0x00,0x00,0x82,0x07,0x00,0x00,0x82,0x07,0x00,0x00,0x82,0x07,0x00,0x00,0x82,0x07,0x00,0x00,0x82,0x07,0x00,0x00,0x82,0x07,0x00,0x00,0x82,0x07,0x00,0x00,
    0x82,0x07,0x00,0x00,0x82,0x07,0x00,0x00,0x82,0x07,0x00,0x00,0x82,0x07,0x00,0x00,0x82,0x07,0x00,0x00,0x82,0x07,0x00,0x00,0x82,0x07,0x00,0x00,0x82,0x07,0x00,0x00,
    0x82,0x07,0x00,0x00,0x82,0x07,0x00,0x00,0x82,0x07,0x00,0x00,0x82,0x07,0x00,0x00,0x82,0x07,0x00,0x00,0x82,0x07,0x00,0x00,0x82,0x07,0x00,0x00,0x82,0x07,0x00,0x00,
    0x82,0x07,0x00,0x00,0x82,0x07,0x00,0x00,0x82,0x07,0x00,0x00,0x82,0x07,0x00,0x00,0x82,0x07,0x00,0x00,0x82,0x07,0x00,0x00,0x6E,0x01,0x00,0x00,0x70,0x01,0x00,0x00,
    0x75,0x01,0x00,0x00,0x77,0x01,0x00,0x00,0x7C,0x01,0x00,0x00,0x7E,0x01,0x00,0x00,0x83,0x01,0x00,0x00,0x85,0x01,0x00,0x00,0x8A,0x01,0x00,0x00,0x8C,0x01,0x00,0x00,
    0x91,0x01,0x00,0x00,0x93,0x01,0x00,0x00,0x98,0x01,0x00,0x00,0x9A,0x01,0x00,0x00,0x9F,0x01,0x00,0x00,0xA1,0x01,0x00,0x00,0xA6,0x01,0x00,0x00,0xA8,0x01,0x00,0x00,
    0xAD,0x01,0x00,0x00,0xAF,0x01,0x00,0x00,0xB4,0x01,0x00,0x00,0xB6,0x01,0x00,0x00,0xBB,0x01,0x00,0x00,0xBD,0x01,0x00,0x00,0xC2,0x01,0x00,0x00,0xC4,0x01,0x00,0x00,
    0xC9,0x01,0x00,0x00,0xCB,0x01,0x00,0x00,0xD0,0x01,0x00,0x00,0xD2,0x01,0x00,0x00,0x82,0x07,0x00,0x00,0x82,0x07,0x00,0x00,0x82,0x07,0x00,0x00,0x82,0x07,0x00,0x00,
    0x82,0x07,0x00,0x00,0x82,0x07,0x00,0x00,0x82,0x07,0x00,0x00,0x82,0x07,0x00,0x00,0x82,0x07,0x00,0x00,0x82,0x07,0x00,0x00,0x82,0x07,0x00,0x00,0x82,0x07,0x00,0x00,
    0x82,0x07,0x00,0x00,0x82,0x07,0x00,0x00,0x82,0x07,0x00,0x00,0x82,0x07,0x00,0x00,0x82,0x07,0x00,0x00,0x82,0x07,0x00,0x00,0x82,0x07,0x00,0x00,0x82,0x07,0x00,0x00,
    0x82,0x07,0x00,0x00,0x82,0x07,0x00,0x00,0x82,0x07,0x00,0x00,0x82,0x07,0x00,0x00,0x82,0x07,0x00,0x00,0x82,0x07,0x00,0x00,0x82,0x07,0x00,0x00,0x82,0x07,0x00,0x00,
    0x82,0x07,0x00,0x00,0x82,0x07,0x00,0x00,0x82,0x07,0x00,0x00,0x82,0x07,0x00,0x00,0x02,0x02,0x00,0x00,0x04,0x02,0x00,0x00,0x09,0x02,0x00,0x00,0x0B,0x02,0x00,0x00,
    0x10,0x02,0x00,0x00,0x12,0x02,0x00,0x00,0x17,0x02,0x00,0x00,0x19,0x02,0x00,0x00,0x1E,0x02,0x00,0x00,0x20,0x02,0x00,0x00,0x24,0x02,0x00,0x00,0x26,0x02,0x00,0x00,
    0x2B,0x02,0x00,0x00,0x2D,0x02,0x00,0x00,0x32,0x02,0x00,0x00,0x32,0x02,0x00,0x00,0x35,0x02,0x00,0x00,0x37,0x02,0x00,0x00,0x3B,0x02,0x00,0x00,0x3D,0x02,0x00,0x00,
    0x42,0x02,0x00,0x00,0x44,0x02,0x00,0x00,0x49,0x02,0x00,0x00,0x4B,0x02,0x00,0x00,0x50,0x02,0x00,0x00,0x52,0x02,0x00,0x00,0x57,0x02,0x00,0x00,0x59,0x02,0x00,0x00,
    0x5E,0x02,0x00,0x00,0x60,0x02,0x00,0x00,0x65,0x02,0x00,0x00,0x67,0x02,0x00,0x00,0x6C,0x02,0x00,0x00,0x6E,0x02,0x00,0x00,0x82,0x07,0x00,0x00,0x82,0x07,0x00,0x00,
    0x82,0x07,0x00,0x00,0x82,0x07,0x00,0x00,0x82,0x07,0x00,0x00,0x82,0x07,0x00,0x00,0x82,0x07,0x00,0x00,0x82,0x07,0x00,0x00,0x82,0x07,0x00,0x00,0x82,0x07,0x00,0x00,
    0x82,0x07,0x00,0x00,0x82,0x07,0x00,0x00,0x82,0x07,0x00,0x00,0x82,0x07,0x00,0x00,0x82,0x07,0x00,0x00,0x82,0x07,0x00,0x00,0x82,0x07,0x00,0x00,0x82,0x07,0x00,0x00,
    0x82,0x07,0x00,0x00,0x82,0x07,0x00,0x00,0x82,0x07,0x00,0x00,0x82,0x07,0x00,0x00,0x82,0x07,0x00,0x00,0x82,0x07,0x00,0x00,0x82,0x07,0x00,0x00,0x82,0x07,0x00,0x00,
    0x82,0x07,0x00,0x00,0x82,0x07,0x00,0x00,0x3C,0x03,0x00,0x00,0x3E,0x03,0x00,0x00,0x43,0x03,0x00,0x00,0x45,0x03,0x00,0x00,0x4A,0x03,0x00,0x00,0x4C,0x03,0x00,0x00,
    0x51,0x03,0x00,0x00,0x53,0x03,0x00,0x00,0x58,0x03,0x00,0x00,0x5A,0x03,0x00,0x00,0x5F,0x03,0x00,0x00,0x61,0x03,0x00,0x00,0x66,0x03,0x00,0x00,0x68,0x03,0x00,0x00,
    0x6D,0x03,0x00,0x00,0x6F,0x03,0x00,0x00,0x74,0x03,0x00,0x00,0x76,0x03,0x00,0x00,0x7B,0x03,0x00,0x00,0x7D,0x03,0x00,0x00,0x82,0x03,0x00,0x00,0x84,0x03,0x00,0x00,
    0x89,0x03,0x00,0x00,0x8B,0x03,0x00,0x00,0x90,0x03,0x00,0x00,0x92,0x03,0x00,0x00,0x97,0x03,0x00,0x00,0x99,0x03,0x00,0x00,0x9E,0x03,0x00,0x00,0xA0,0x03,0x00,0x00,
    0xA5,0x03,0x00,0x00,0xA7,0x03,0x00,0x00,0xAC,0x03,0x00,0x00,0xAE,0x03,0x00,0x00,0x82,0x07,0x00,0x00,0x82,0x07,0x00,0x00,0x82,0x07,0x00,0x00,0x82,0x07,0x00,0x00,
    0x82,0x07,0x00,0x00,0x82,0x07,0x00,0x00,0x82,0x07,0x00,0x00,0x82,0x07,0x00,0x00,0x82,0x07,0x00,0x00,0x82,0x07,0x00,0x00,0x82,0x07,0x00,0x00,0x82,0x07,0x00,0x00,
    0x82,0x07,0x00,0x00,0x82,0x07,0x00,0x00,0x82,0x07,0x00,0x00,0x82,0x07,0x00,0x00,0x82,0x07,0x00,0x00,0x82,0x07,0x00,0x00,0x82,0x07,0x00,0x00,0x82,0x07,0x00,0x00,
    0x82,0x07,0x00,0x00,0x82,0x07,0x00,0x00,0x82,0x07,0x00,0x00,0x82,0x07,0x00,0x00,0x82,0x07,0x00,0x00,0x82,0x07,0x00,0x00,0x82,0x07,0x00,0x00,0x82,0x07,0x00,0x00,
    0xD6,0x03,0x00,0x00,0xD7,0x03,0x00,0x00,0xDB,0x03,0x00,0x00,0xDC,0x03,0x00,0x00,0xE0,0x03,0x00,0x00,0xE1,0x03,0x00,0x00,0xE5,0x03,0x00,0x00,0xE6,0x03,0x00,0x00,
    0xEA,0x03,0x00,0x00,0xEB,0x03,0x00,0x00,0xEF,0x03,0x00,0x00,0xF0,0x03,0x00,0x00,0xF4,0x03,0x00,0x00,0xF5,0x03,0x00,0x00,0xF9,0x03,0x00,0x00,0xFA,0x03,0x00,0x00,
    0xFE,0x03,0x00,0x00,0xFF,0x03,0x00,0x00,0x03,0x04,0x00,0x00,0x04,0x04,0x00,0x00,0x08,0x04,0x00,0x00,0x09,0x04,0x00,0x00,0x0D,0x04,0x00,0x00,0x0E,0x04,0x00,0x00,
    0x12,0x04,0x00,0x00,0x13,0x04,0x00,0x00,0x17,0x04,0x00,0x00,0x18,0x04,0x00,0x00,0x1C,0x04,0x00,0x00,0x1D,0x04,0x00,0x00,0x21,0x04,0x00,0x00,0x22,0x04,0x00,0x00,
    0x82,0x07,0x00,0x00,0x82,0x07,0x00,0x00,0x82,0x07,0x00,0x00,0x82,0x07,0x00,0x00,0x82,0x07,0x00,0x00,0x82,0x07,0x00,0x00,0x82,0x07,0x00,0x00,0x82,0x07,0x00,0x00,
    0x82,0x07,0x00,0x00,0x82,0x07,0x00,0x00,0x82,0x07,0x00,0x00,0x82,0x07,0x00,0x00,0x82,0x07,0x00,0x00,0x82,0x07,0x00,0x00,0x82,0x07,0x00,0x00,0x82,0x07,0x00,0x00,
    0x82,0x07,0x00,0x00,0x82,0x07,0x00,0x00,0x82,0x07,0x00,0x00,0x82,0x07,0x00,0x00,0x82,0x07,0x00,0x00,0x82,0x07,0x00,0x00,0x82,0x07,0x00,0x00,0x82,0x07,0x00,0x00,
    0x82,0x07,0x00,0x00,0x82,0x07,0x00,0x00,0x82,0x07,0x00,0x00,0x82,0x07,0x00,0x00,0x82,0x07,0x00,0x00,0x82,0x07,0x00,0x00,0x58,0x04,0x00,0x00,0x5A,0x04,0x00,0x00,
    0x5F,0x04,0x00,0x00,0x61,0x04,0x00,0x00,0x66,0x04,0x00,0x00,0x68,0x04,0x00,0x00,0x6D,0x04,0x00,0x00,0x6F,0x04,0x00,0x00,0x74,0x04,0x00,0x00,0x76,0x04,0x00,0x00,
    0x7B,0x04,0x00,0x00,0x7D,0x04,0x00,0x00,0x81,0x04,0x00,0x00,0x83,0x04,0x00,0x00,0x87,0x04,0x00,0x00,0x89,0x04,0x00,0x00,0x8D,0x04,0x00,0x00,0x8E,0x04,0x00,0x00,
    0x92,0x04,0x00,0x00,0x94,0x04,0x00,0x00,0x99,0x04,0x00,0x00,0x9B,0x04,0x00,0x00,0xA0,0x04,0x00,0x00,0xA2,0x04,0x00,0x00,0xA7,0x04,0x00,0x00,0xA8,0x04,0x00,0x00,
    0xAC,0x04,0x00,0x00,0xAE,0x04,0x00,0x00,0xB3,0x04,0x00,0x00,0xB4,0x04,0x00,0x00,0xB9,0x04,0x00,0x00,0xB9,0x04,0x00,0x00,0x82,0x07,0x00,0x00,0x82,0x07,0x00,0x00,
    0x82,0x07,0x00,0x00,0x82,0x07,0x00,0x00,0x82,0x07,0x00,0x00,0x82,0x07,0x00,0x00,0x82,0x07,0x00,0x00,0x82,0x07,0x00,0x00,0x82,0x07,0x00,0x00,0x82,0x07,0x00,0x00,
    0x82,0x07,0x00,0x00,0x82,0x07,0x00,0x00,0x82,0x07,0x00,0x00,0x82,0x07,0x00,0x00,0x82,0x07,0x00,0x00,0x82,0x07,0x00,0x00,0x82,0x07,0x00,0x00,0x82,0x07,0x00,0x00,
    0x82,0x07,0x00,0x00,0x82,0x07,0x00,0x00,0x82,0x07,0x00,0x00,0x82,0x07,0x00,0x00,0x82,0x07,0x00,0x00,0x82,0x07,0x00,0x00,0x82,0x07,0x00,0x00,0x82,0x07,0x00,0x00,
    0x82,0x07,0x00,0x00,0x82,0x07,0x00,0x00,0x82,0x07,0x00,0x00,0x82,0x07,0x00,0x00,0xEC,0x04,0x00,0x00,0xEE,0x04,0x00,0x00,0xF3,0x04,0x00,0x00,0xF5,0x04,0x00,0x00,
    0xFA,0x04,0x00,0x00,0xFC,0x04,0x00,0x00,0x01,0x05,0x00,0x00,0x03,0x05,0x00,0x00,0x08,0x05,0x00,0x00,0x0A,0x05,0x00,0x00,0x0F,0x05,0x00,0x00,0x11,0x05,0x00,0x00,
    0x16,0x05,0x00,0x00,0x18,0x05,0x00,0x00,0x1D,0x05,0x00,0x00,0x1F,0x05,0x00,0x00,0x24,0x05,0x00,0x00,0x26,0x05,0x00,0x00,0x2B,0x05,0x00,0x00,0x2D,0x05,0x00,0x00,
    0x32,0x05,0x00,0x00,0x34,0x05,0x00,0x00,0x39,0x05,0x00,0x00,0x3B,0x05,0x00,0x00,0x40,0x05,0x00,0x00,0x42,0x05,0x00,0x00,0x47,0x05,0x00,0x00,0x49,0x05,0x00,0x00,
    0x4E,0x05,0x00,0x00,0x4E,0x05,0x00,0x00,0x82,0x07,0x00,0x00,0x82,0x07,0x00,0x00,0x82,0x07,0x00,0x00,0x82,0x07,0x00,0x00,0x82,0x07,0x00,0x00,0x82,0x07,0x00,0x00,
    0x82,0x07,0x00,0x00,0x82,0x07,0x00,0x00,0x82,0x07,0x00,0x00,0x82,0x07,0x00,0x00,0x82,0x07,0x00,0x00,0x82,0x07,0x00,0x00,0x82,0x07,0x00,0x00,0x82,0x07,0x00,0x00,
    0x82,0x07,0x00,0x00,0x82,0x07,0x00,0x00,0x82,0x07,0x00,0x00,0x82,0x07,0x00,0x00,0x82,0x07,0x00,0x00,0x82,0x07,0x00,0x00,0x82,0x07,0x00,0x00,0x82,0x07,0x00,0x00,
    0x82,0x07,0x00,0x00,0x82,0x07,0x00,0x00,0x82,0x07,0x00,0x00,0x82,0x07,0x00,0x00,0x82,0x07,0x00,0x00,0x82,0x07,0x00,0x00,0x82,0x07,0x00,0x00,0x82,0x07,0x00,0x00,
    0x82,0x07,0x00,0x00,0x82,0x07,0x00,0x00,0x78,0x05,0x00,0x00,0x7A,0x05,0x00,0x00,0x7F,0x05,0x00,0x00,0x81,0x05,0x00,0x00,0x86,0x05,0x00,0x00,0x88,0x05,0x00,0x00,
    0x8D,0x05,0x00,0x00,0x8F,0x05,0x00,0x00,0x94,0x05,0x00,0x00,0x96,0x05,0x00,0x00,0x9B,0x05,0x00,0x00,0x9D,0x05,0x00,0x00,0xA2,0x05,0x00,0x00,0xA4,0x05,0x00,0x00,
    0xA9,0x05,0x00,0x00,0xAB,0x05,0x00,0x00,0xB0,0x05,0x00,0x00,0xB2,0x05,0x00,0x00,0xB7,0x05,0x00,0x00,0xB9,0x05,0x00,0x00,0xBE,0x05,0x00,0x00,0xC0,0x05,0x00,0x00,
    0xC5,0x05,0x00,0x00,0xC7,0x05,0x00,0x00,0xCC,0x05,0x00,0x00,0xCE,0x05,0x00,0x00,0x82,0x07,0x00,0x00,0x82,0x07,0x00,0x00,0x82,0x07,0x00,0x00,0x82,0x07,0x00,0x00,
    0x82,0x07,0x00,0x00,0x82,0x07,0x00,0x00,0x82,0x07,0x00,0x00,0x82,0x07,0x00,0x00,0x82,0x07,0x00,0x00,0x82,0x07,0x00,0x00,0x82,0x07,0x00,0x00,0x82,0x07,0x00,0x00,
    0x82,0x07,0x00,0x00,0x82,0x07,0x00,0x00,0x82,0x07,0x00,0x00,0x82,0x07,0x00,0x00,0x82,0x07,0x00,0x00,0x82,0x07,0x00,0x00,0x82,0x07,0x00,0x00,0x82,0x07,0x00,0x00,
    0x82,0x07,0x00,0x00,0x82,0x07,0x00,0x00,0x82,0x07,0x00,0x00,0x82,0x07,0x00,0x00,0x82,0x07,0x00,0x00,0x82,0x07,0x00,0x00,0x82,0x07,0x00,0x00,0x82,0x07,0x00,0x00,
    0x82,0x07,0x00,0x00,0x82,0x07,0x00,0x00,0x82,0x07,0x00,0x00,0x82,0x07,0x00,0x00,0x82,0x07,0x00,0x00,0x82,0x07,0x00,0x00,0x82,0x07,0x00,0x00,0x82,0x07,0x00,0x00,
    0x07,0x06,0x00,0x00,0x09,0x06,0x00,0x00,0x0E,0x06,0x00,0x00,0x10,0x06,0x00,0x00,0x15,0x06,0x00,0x00,0x17,0x06,0x00,0x00,0x1C,0x06,0x00,0x00,0x1E,0x06,0x00,0x00,
    0x23,0x06,0x00,0x00,0x25,0x06,0x00,0x00,0x2A,0x06,0x00,0x00,0x2C,0x06,0x00,0x00,0x31,0x06,0x00,0x00,0x33,0x06,0x00,0x00,0x38,0x06,0x00,0x00,0x3A,0x06,0x00,0x00,
    0x3F,0x06,0x00,0x00,0x41,0x06,0x00,0x00,0x46,0x06,0x00,0x00,0x48,0x06,0x00,0x00,0x4D,0x06,0x00,0x00,0x4F,0x06,0x00,0x00,0x54,0x06,0x00,0x00,0x55,0x06,0x00,0x00,
    0x5A,0x06,0x00,0x00,0x5C,0x06,0x00,0x00,0x61,0x06,0x00,0x00,0x63,0x06,0x00,0x00,0x68,0x06,0x00,0x00,0x6A,0x06,0x00,0x00,0x6E,0x06,0x00,0x00,0x70,0x06,0x00,0x00,
    0x82,0x07,0x00,0x00,0x82,0x07,0x00,0x00,0x82,0x07,0x00,0x00,0x82,0x07,0x00,0x00,0x82,0x07,0x00,0x00,0x82,0x07,0x00,0x00,0x82,0x07,0x00,0x00,0x82,0x07,0x00,0x00,
    0x82,0x07,0x00,0x00,0x82,0x07,0x00,0x00,0x82,0x07,0x00,0x00,0x82,0x07,0x00,0x00,0x82,0x07,0x00,0x00,0x82,0x07,0x00,0x00,0x82,0x07,0x00,0x00,0x82,0x07,0x00,0x00,
    0x82,0x07,0x00,0x00,0x82,0x07,0x00,0x00,0x82,0x07,0x00,0x00,0x82,0x07,0x00,0x00,0x82,0x07,0x00,0x00,0x82,0x07,0x00,0x00,0x82,0x07,0x00,0x00,0x82,0x07,0x00,0x00,
    0x82,0x07,0x00,0x00,0x82,0x07,0x00,0x00,0x82,0x07,0x00,0x00,0x82,0x07,0x00,0x00,0x82,0x07,0x00,0x00,0x82,0x07,0x00,0x00,0xAB,0x06,0x00,0x00,0xAD,0x06,0x00,0x00,
    0xB2,0x06,0x00,0x00,0xB4,0x06,0x00,0x00,0xB9,0x06,0x00,0x00,0xBB,0x06,0x00,0x00,0xC0,0x06,0x00,0x00,0xC2,0x06,0x00,0x00,0xC7,0x06,0x00,0x00,0xC9,0x06,0x00,0x00,
    0xCE,0x06,0x00,0x00,0xD0,0x06,0x00,0x00,0xD5,0x06,0x00,0x00,0xD7,0x06,0x00,0x00,0xDB,0x06,0x00,0x00,0xDD,0x06,0x00,0x00,0xE2,0x06,0x00,0x00,0xE4,0x06,0x00,0x00,
    0xE9,0x06,0x00,0x00,0xEB,0x06,0x00,0x00,0xF0,0x06,0x00,0x00,0xF2,0x06,0x00,0x00,0xF7,0x06,0x00,0x00,0xF8,0x06,0x00,0x00,0xFC,0x06,0x00,0x00,0xFC,0x06,0x00,0x00,
    0xFF,0x06,0x00,0x00,0x01,0x07,0x00,0x00,0x05,0x07,0x00,0x00,0x07,0x07,0x00,0x00,0x0C,0x07,0x00,0x00,0x0E,0x07,0x00,0x00,0x12,0x07,0x00,0x00,0x14,0x07,0x00,0x00,
    0x17,0x07,0x00,0x00,0x19,0x07,0x00,0x00,0x82,0x07,0x00,0x00,0x82,0x07,0x00,0x00,0x82,0x07,0x00,0x00,0x82,0x07,0x00,0x00,0x82,0x07,0x00,0x00,0x82,0x07,0x00,0x00,
    0x82,0x07,0x00,0x00,0x82,0x07,0x00,0x00,0x82,0x07,0x00,0x00,0x82,0x07,0x00,0x00,0x82,0x07,0x00,0x00,0x82,0x07,0x00,0x00,0x82,0x07,0x00,0x00,0x82,0x07,0x00,0x00,
    0x82,0x07,0x00,0x00,0x82,0x07,0x00,0x00,0x82,0x07,0x00,0x00,0x82,0x07,0x00,0x00,0x82,0x07,0x00,0x00,0x82,0x07,0x00,0x00,0x82,0x07,0x00,0x00,0x82,0x07,0x00,0x00,
    0x82,0x07,0x00,0x00,0x82,0x07,0x00,0x00,0x82,0x07,0x00,0x00,0x82,0x07,0x00,0x00,0x26,0x07,0x00,0x00,0x26,0x07,0x00,0x00,0x29,0x07,0x00,0x00,0x29,0x07,0x00,0x00,
    0x2C,0x07,0x00,0x00,0x2C,0x07,0x00,0x00,0x2F,0x07,0x00,0x00,0x2F,0x07,0x00,0x00,0x32,0x07,0x00,0x00,0x32,0x07,0x00,0x00,0x35,0x07,0x00,0x00,0x35,0x07,0x00,0x00,
    0x38,0x07,0x00,0x00,0x38,0x07,0x00,0x00,0x3B,0x07,0x00,0x00,0x3B,0x07,0x00,0x00,0x3E,0x07,0x00,0x00,0x3E,0x07,0x00,0x00,0x41,0x07,0x00,0x00,0x41,0x07,0x00,0x00,
    0x44,0x07,0x00,0x00,0x44,0x07,0x00,0x00,0x47,0x07,0x00,0x00,0x47,0x07,0x00,0x00,0x4A,0x07,0x00,0x00,0x4A,0x07,0x00,0x00,0x4D,0x07,0x00,0x00,0x4D,0x07,0x00,0x00,
    0x50,0x07,0x00,0x00,0x50,0x07,0x00,0x00,0x53,0x07,0x00,0x00,0x53,0x07,0x00,0x00,0x56,0x07,0x00,0x00,0x56,0x07,0x00,0x00,0x59,0x07,0x00,0x00,0x59,0x07,0x00,0x00,
    0x5C,0x07,0x00,0x00,0x5C,0x07,0x00,0x00,0x5F,0x07,0x00,0x00,0x5F,0x07,0x00,0x00,0x62,0x07,0x00,0x00,0x62,0x07,0x00,0x00,0x65,0x07,0x00,0x00,0x65,0x07,0x00,0x00,
    0x68,0x07,0x00,0x00,0x68,0x07,0x00,0x00,0x6B,0x07,0x00,0x00,0x6B,0x07,0x00,0x00,0x6E,0x07,0x00,0x00,0x6E,0x07,0x00,0x00,0x71,0x07,0x00,0x00,0x71,0x07,0x00,0x00,
    0x74,0x07,0x00,0x00,0x74,0x07,0x00,0x00,0x77,0x07,0x00,0x00,0x77,0x07,0x00,0x00,0x7A,0x07,0x00,0x00,0x7A,0x07,0x00,0x00,0x7D,0x07,0x00,0x00,0x7D,0x07,0x00,0x00,
    0x80,0x07,0x00,0x00,0x80,0x07,0x00,0x00,0x3E,0x00,0x00,0x00,0x3E,0x00,0x00,0x00,0x41,0x00,0x00,0x00,0x41,0x00,0x00,0x00,0x82,0x07,0x00,0x00,0x82,0x07,0x00,0x00,
    0x82,0x07,0x00,0x00,0x82,0x07,0x00,0x00,0x82,0x07,0x00,0x00,0x82,0x07,0x00,0x00,0x82,0x07,0x00,0x00,0x82,0x07,0x00,0x00,0x82,0x07,0x00,0x00,0x82,0x07,0x00,0x00,
    0x82,0x07,0x00,0x00,0x82,0x07,0x00,0x00,0x82,0x07,0x00,0x00,0x82,0x07,0x00,0x00,0x82,0x07,0x00,0x00,0x82,0x07,0x00,0x00,0x82,0x07,0x00,0x00,0x82,0x07,0x00,0x00,
    0x82,0x07,0x00,0x00,0x82,0x07,0x00,0x00,0x82,0x07,0x00,0x00,0x82,0x07,0x00,0x00,0x82,0x07,0x00,0x00,0x82,0x07,0x00,0x00,0x82,0x07,0x00,0x00,0x82,0x07,0x00,0x00,
    0x82,0x07,0x00,0x00,0x82,0x07,0x00,0x00,0x82,0x07,0x00,0x00,0x82,0x07,0x00,0x00,0x82,0x07,0x00,0x00,0x82,0x07,0x00,0x00,0x82,0x07,0x00,0x00,0x82,0x07,0x00,0x00,
    0x82,0x07,0x00,0x00,0x82,0x07,0x00,0x00,0x82,0x07,0x00,0x00,0x82,0x07,0x00,0x00,0x82,0x07,0x00,0x00,0x82,0x07,0x00,0x00,0x82,0x07,0x00,0x00,0x82,0x07,0x00,0x00,
    0x82,0x07,0x00,0x00,0x82,0x07,0x00,0x00,0x82,0x07,0x00,0x00,0x82,0x07,0x00,0x00,0x82,0x07,0x00,0x00,0x82,0x07,0x00,0x00,0x82,0x07,0x00,0x00,0x82,0x07,0x00,0x00,
    0x82,0x07,0x00,0x00,0x82,0x07,0x00,0x00,0x82,0x07,0x00,0x00,0x82,0x07,0x00,0x00,0x82,0x07,0x00,0x00,0x82,0x07,0x00,0x00,0x82,0x07,0x00,0x00,0x82,0x07,0x00,0x00,
    0xEB,0x00,0x00,0x00,0xED,0x00,0x00,0x00,0xF2,0x00,0x00,0x00,0xF4,0x00,0x00,0x00,0xF9,0x00,0x00,0x00,0xFB,0x00,0x00,0x00,0x00,0x01,0x00,0x00,0x02,0x01,0x00,0x00,
    0x07,0x01,0x00,0x00,0x09,0x01,0x00,0x00,0x0E,0x01,0x00,0x00,0x10,0x01,0x00,0x00,0x15,0x01,0x00,0x00,0x17,0x01,0x00,0x00,0x1C,0x01,0x00,0x00,0x1E,0x01,0x00,0x00,
    0x23,0x01,0x00,0x00,0x25,0x01,0x00,0x00,0x2A,0x01,0x00,0x00,0x2C,0x01,0x00,0x00,0x31,0x01,0x00,0x00,0x33,0x01,0x00,0x00,0x38,0x01,0x00,0x00,0x3A,0x01,0x00,0x00,
    0x82,0x07,0x00,0x00,0x82,0x07,0x00,0x00,0x82,0x07,0x00,0x00,0x82,0x07,0x00,0x00,0x82,0x07,0x00,0x00,0x82,0x07,0x00,0x00,0x82,0x07,0x00,0x00,0x82,0x07,0x00,0x00,
    0x82,0x07,0x00,0x00,0x82,0x07,0x00,0x00,0x82,0x07,0x00,0x00,0x82,0x07,0x00,0x00,0x82,0x07,0x00,0x00,0x82,0x07,0x00,0x00,0x82,0x07,0x00,0x00,0x82,0x07,0x00,0x00,
    0x82,0x07,0x00,0x00,0x82,0x07,0x00,0x00,0x82,0x07,0x00,0x00,0x82,0x07,0x00,0x00,0x82,0x07,0x00,0x00,0x82,0x07,0x00,0x00,0x82,0x07,0x00,0x00,0x82,0x07,0x00,0x00,
    0x82,0x07,0x00,0x00,0x82,0x07,0x00,0x00,0x82,0x07,0x00,0x00,0x82,0x07,0x00,0x00,0x82,0x07,0x00,0x00,0x82,0x07,0x00,0x00,0x82,0x07,0x00,0x00,0x82,0x07,0x00,0x00,
    0x82,0x07,0x00,0x00,0x82,0x07,0x00,0x00,0x82,0x07,0x00,0x00,0x82,0x07,0x00,0x00,0x82,0x07,0x00,0x00,0x82,0x07,0x00,0x00,0x71,0x01,0x00,0x00,0x73,0x01,0x00,0x00,
    0x78,0x01,0x00,0x00,0x7A,0x01,0x00,0x00,0x7F,0x01,0x00,0x00,0x81,0x01,0x00,0x00,0x86,0x01,0x00,0x00,0x88,0x01,0x00,0x00,0x8D,0x01,0x00,0x00,0x8F,0x01,0x00,0x00,
    0x94,0x01,0x00,0x00,0x96,0x01,0x00,0x00,0x9B,0x01,0x00,0x00,0x9D,0x01,0x00,0x00,0xA2,0x01,0x00,0x00,0xA4,0x01,0x00,0x00,0xA9,0x01,0x00,0x00,0xAB,0x01,0x00,0x00,
    0xB0,0x01,0x00,0x00,0xB2,0x01,0x00,0x00,0xB7,0x01,0x00,0x00,0xB9,0x01,0x00,0x00,0xBE,0x01,0x00,0x00,0xC0,0x01,0x00,0x00,0xC5,0x01,0x00,0x00,0xC7,0x01,0x00,0x00,
    0xCC,0x01,0x00,0x00,0xCE,0x01,0x00,0x00,0xD3,0x01,0x00,0x00,0xD5,0x01,0x00,0x00,0x82,0x07,0x00,0x00,0x82,0x07,0x00,0x00,0x82,0x07,0x00,0x00,0x82,0x07,0x00,0x00,
    0x82,0x07,0x00,0x00,0x82,0x07,0x00,0x00,0x82,0x07,0x00,0x00,0x82,0x07,0x00,0x00,0x82,0x07,0x00,0x00,0x82,0x07,0x00,0x00,0x82,0x07,0x00,0x00,0x82,0x07,0x00,0x00,
    0x82,0x07,0x00,0x00,0x82,0x07,0x00,0x00,0x82,0x07,0x00,0x00,0x82,0x07,0x00,0x00,0x82,0x07,0x00,0x00,0x82,0x07,0x00,0x00,0x82,0x07,0x00,0x00,0x82,0x07,0x00,0x00,
    0x82,0x07,0x00,0x00,0x82,0x07,0x00,0x00,0x82,0x07,0x00,0x00,0x82,0x07,0x00,0x00,0x82,0x07,0x00,0x00,0x82,0x07,0x00,0x00,0x82,0x07,0x00,0x00,0x82,0x07,0x00,0x00,
    0x82,0x07,0x00,0x00,0x82,0x07,0x00,0x00,0x82,0x07,0x00,0x00,0x82,0x07,0x00,0x00,0x05,0x02,0x00,0x00,0x07,0x02,0x00,0x00,0x0C,0x02,0x00,0x00,0x0E,0x02,0x00,0x00,
    0x13,0x02,0x00,0x00,0x15,0x02,0x00,0x00,0x1A,0x02,0x00,0x00,0x1C,0x02,0x00,0x00,0x21,0x02,0x00,0x00,0x22,0x02,0x00,0x00,0x27,0x02,0x00,0x00,0x29,0x02,0x00,0x00,
    0x2E,0x02,0x00,0x00,0x30,0x02,0x00,0x00,0x33,0x02,0x00,0x00,0x33,0x02,0x00,0x00,0x38,0x02,0x00,0x00,0x39,0x02,0x00,0x00,0x3E,0x02,0x00,0x00,0x40,0x02,0x00,0x00,
    0x45,0x02,0x00,0x00,0x47,0x02,0x00,0x00,0x4C,0x02,0x00,0x00,0x4E,0x02,0x00,0x00,0x53,0x02,0x00,0x00,0x55,0x02,0x00,0x00,0x5A,0x02,0x00,0x00,0x5C,0x02,0x00,0x00,
    0x61,0x02,0x00,0x00,0x63,0x02,0x00,0x00,0x68,0x02,0x00,0x00,0x6A,0x02,0x00,0x00,0x6F,0x02,0x00,0x00,0x71,0x02,0x00,0x00,0x82,0x07,0x00,0x00,0x82,0x07,0x00,0x00,
    0x82,0x07,0x00,0x00,0x82,0x07,0x00,0x00,0x82,0x07,0x00,0x00,0x82,0x07,0x00,0x00,0x82,0x07,0x00,0x00,0x82,0x07,0x00,0x00,0x82,0x07,0x00,0x00,0x82,0x07,0x00,0x00,
    0x82,0x07,0x00,0x00,0x82,0x07,0x00,0x00,0x82,0x07,0x00,0x00,0x82,0x07,0x00,0x00,0x82,0x07,0x00,0x00,0x82,0x07,0x00,0x00,0x82,0x07,0x00,0x00,0x82,0x07,0x00,0x00,
    0x82,0x07,0x00,0x00,0x82,0x07,0x00,0x00,0x82,0x07,0x00,0x00,0x82,0x07,0x00,0x00,0x82,0x07,0x00,0x00,0x82,0x07,0x00,0x00,0x82,0x07,0x00,0x00,0x82,0x07,0x00,0x00,
    0x82,0x07,0x00,0x00,0x82,0x07,0x00,0x00,0x3F,0x03,0x00,0x00,0x41,0x03,0x00,0x00,0x46,0x03,0x00,0x00,0x48,0x03,0x00,0x00,0x4D,0x03,0x00,0x00,0x4F,0x03,0x00,0x00,
    0x54,0x03,0x00,0x00,0x56,0x03,0x00,0x00,0x5B,0x03,0x00,0x00,0x5D,0x03,0x00,0x00,0x62,0x03,0x00,0x00,0x64,0x03,0x00,0x00,0x69,0x03,0x00,0x00,0x6B,0x03,0x00,0x00,
    0x70,0x03,0x00,0x00,0x72,0x03,0x00,0x00,0x77,0x03,0x00,0x00,0x79,0x03,0x00,0x00,0x7E,0x03,0x00,0x00,0x80,0x03,0x00,0x00,0x85,0x03,0x00,0x00,0x87,0x03,0x00,0x00,
    0x8C,0x03,0x00,0x00,0x8E,0x03,0x00,0x00,0x93,0x03,0x00,0x00,0x95,0x03,0x00,0x00,0x9A,0x03,0x00,0x00,0x9C,0x03,0x00,0x00,0xA1,0x03,0x00,0x00,0xA3,0x03,0x00,0x00,
    0xA8,0x03,0x00,0x00,0xAA,0x03,0x00,0x00,0xAF,0x03,0x00,0x00,0xB1,0x03,0x00,0x00,0x82,0x07,0x00,0x00,0x82,0x07,0x00,0x00,0x82,0x07,0x00,0x00,0x82,0x07,0x00,0x00,
    0x82,0x07,0x00,0x00,0x82,0x07,0x00,0x00,0x82,0x07,0x00,0x00,0x82,0x07,0x00,0x00,0x82,0x07,0x00,0x00,0x82,0x07,0x00,0x00,0x82,0x07,0x00,0x00,0x82,0x07,0x00,0x00,
    0x82,0x07,0x00,0x00,0x82,0x07,0x00,0x00,0x82,0x07,0x00,0x00,0x82,0x07,0x00,0x00,0x82,0x07,0x00,0x00,0x82,0x07,0x00,0x00,0x82,0x07,0x00,0x00,0x82,0x07,0x00,0x00,
    0x82,0x07,0x00,0x00,0x82,0x07,0x00,0x00,0x82,0x07,0x00,0x00,0x82,0x07,0x00,0x00,0x82,0x07,0x00,0x00,0x82,0x07,0x00,0x00,0x82,0x07,0x00,0x00,0x82,0x07,0x00,0x00,
    0xD8,0x03,0x00,0x00,0xD9,0x03,0x00,0x00,0xDD,0x03,0x00,0x00,0xDE,0x03,0x00,0x00,0xE2,0x03,0x00,0x00,0xE3,0x03,0x00,0x00,0xE7,0x03,0x00,0x00,0xE8,0x03,0x00,0x00,
    0xEC,0x03,0x00,0x00,0xED,0x03,0x00,0x00,0xF1,0x03,0x00,0x00,0xF2,0x03,0x00,0x00,0xF6,0x03,0x00,0x00,0xF7,0x03,0x00,0x00,0xFB,0x03,0x00,0x00,0xFC,0x03,0x00,0x00,
    0x00,0x04,0x00,0x00,0x01,0x04,0x00,0x00,0x05,0x04,0x00,0x00,0x06,0x04,0x00,0x00,0x0A,0x04,0x00,0x00,0x0B,0x04,0x00,0x00,0x0F,0x04,0x00,0x00,0x10,0x04,0x00,0x00,
    0x14,0x04,0x00,0x00,0x15,0x04,0x00,0x00,0x19,0x04,0x00,0x00,0x1A,0x04,0x00,0x00,0x1E,0x04,0x00,0x00,0x1F,0x04,0x00,0x00,0x23,0x04,0x00,0x00,0x24,0x04,0x00,0x00,
    0x82,0x07,0x00,0x00,0x82,0x07,0x00,0x00,0x82,0x07,0x00,0x00,0x82,0x07,0x00,0x00,0x82,0x07,0x00,0x00,0x82,0x07,0x00,0x00,0x82,0x07,0x00,0x00,0x82,0x07,0x00,0x00,
    0x82,0x07,0x00,0x00,0x82,0x07,0x00,0x00,0x82,0x07,0x00,0x00,0x82,0x07,0x00,0x00,0x82,0x07,0x00,0x00,0x82,0x07,0x00,0x00,0x82,0x07,0x00,0x00,0x82,0x07,0x00,0x00,
    0x82,0x07,0x00,0x00,0x82,0x07,0x00,0x00,0x82,0x07,0x00,0x00,0x82,0x07,0x00,0x00,0x82,0x07,0x00,0x00,0x82,0x07,0x00,0x00,0x82,0x07,0x00,0x00,0x82,0x07,0x00,0x00,
    0x82,0x07,0x00,0x00,0x82,0x07,0x00,0x00,0x82,0x07,0x00,0x00,0x82,0x07,0x00,0x00,0x82,0x07,0x00,0x00,0x82,0x07,0x00,0x00,0x5B,0x04,0x00,0x00,0x5D,0x04,0x00,0x00,
    0x62,0x04,0x00,0x00,0x64,0x04,0x00,0x00,0x69,0x04,0x00,0x00,0x6B,0x04,0x00,0x00,0x70,0x04,0x00,0x00,0x72,0x04,0x00,0x00,0x77,0x04,0x00,0x00,0x79,0x04,0x00,0x00,
    0x7E,0x04,0x00,0x00,0x7F,0x04,0x00,0x00,0x84,0x04,0x00,0x00,0x85,0x04,0x00,0x00,0x8A,0x04,0x00,0x00,0x8B,0x04,0x00,0x00,0x8F,0x04,0x00,0x00,0x90,0x04,0x00,0x00,
    0x95,0x04,0x00,0x00,0x97,0x04,0x00,0x00,0x9C,0x04,0x00,0x00,0x9E,0x04,0x00,0x00,0xA3,0x04,0x00,0x00,0xA5,0x04,0x00,0x00,0xA9,0x04,0x00,0x00,0xAA,0x04,0x00,0x00,
    0xAF,0x04,0x00,0x00,0xB1,0x04,0x00,0x00,0xB5,0x04,0x00,0x00,0xB7,0x04,0x00,0x00,0xBA,0x04,0x00,0x00,0xBC,0x04,0x00,0x00,0x82,0x07,0x00,0x00,0x82,0x07,0x00,0x00,
    0x82,0x07,0x00,0x00,0x82,0x07,0x00,0x00,0x82,0x07,0x00,0x00,0x82,0x07,0x00,0x00,0x82,0x07,0x00,0x00,0x82,0x07,0x00,0x00,0x82,0x07,0x00,0x00,0x82,0x07,0x00,0x00,
    0x82,0x07,0x00,0x00,0x82,0x07,0x00,0x00,0x82,0x07,0x00,0x00,0x82,0x07,0x00,0x00,0x82,0x07,0x00,0x00,0x82,0x07,0x00,0x00,0x82,0x07,0x00,0x00,0x82,0x07,0x00,0x00,
    0x82,0x07,0x00,0x00,0x82,0x07,0x00,0x00,0x82,0x07,0x00,0x00,0x82,0x07,0x00,0x00,0x82,0x07,0x00,0x00,0x82,0x07,0x00,0x00,0x82,0x07,0x00,0x00,0x82,0x07,0x00,0x00,
    0x82,0x07,0x00,0x00,0x82,0x07,0x00,0x00,0x82,0x07,0x00,0x00,0x82,0x07,0x00,0x00,0xEF,0x04,0x00,0x00,0xF1,0x04,0x00,0x00,0xF6,0x04,0x00,0x00,0xF8,0x04,0x00,0x00,
    0xFD,0x04,0x00,0x00,0xFF,0x04,0x00,0x00,0x04,0x05,0x00,0x00,0x06,0x05,0x00,0x00,0x0B,0x05,0x00,0x00,0x0D,0x05,0x00,0x00,0x12,0x05,0x00,0x00,0x14,0x05,0x00,0x00,
    0x19,0x05,0x00,0x00,0x1B,0x05,0x00,0x00,0x20,0x05,0x00,0x00,0x22,0x05,0x00,0x00,0x27,0x05,0x00,0x00,0x29,0x05,0x00,0x00,0x2E,0x05,0x00,0x00,0x30,0x05,0x00,0x00,
    0x35,0x05,0x00,0x00,0x37,0x05,0x00,0x00,0x3C,0x05,0x00,0x00,0x3E,0x05,0x00,0x00,0x43,0x05,0x00,0x00,0x45,0x05,0x00,0x00,0x4A,0x05,0x00,0x00,0x4C,0x05,0x00,0x00,
    0x4F,0x05,0x00,0x00,0x4F,0x05,0x00,0x00,0x82,0x07,0x00,0x00,0x82,0x07,0x00,0x00,0x82,0x07,0x00,0x00,0x82,0x07,0x00,0x00,0x82,0x07,0x00,0x00,0x82,0x07,0x00,0x00,
    0x82,0x07,0x00,0x00,0x82,0x07,0x00,0x00,0x82,0x07,0x00,0x00,0x82,0x07,0x00,0x00,0x82,0x07,0x00,0x00,0x82,0x07,0x00,0x00,0x82,0x07,0x00,0x00,0x82,0x07,0x00,0x00,
    0x82,0x07,0x00,0x00,0x82,0x07,0x00,0x00,0x82,0x07,0x00,0x00,0x82,0x07,0x00,0x00,0x82,0x07,0x00,0x00,0x82,0x07,0x00,0x00,0x82,0x07,0x00,0x00,0x82,0x07,0x00,0x00,
    0x82,0x07,0x00,0x00,0x82,0x07,0x00,0x00,0x82,0x07,0x00,0x00,0x82,0x07,0x00,0x00,0x82,0x07,0x00,0x00,0x82,0x07,0x00,0x00,0x82,0x07,0x00,0x00,0x82,0x07,0x00,0x00,
    0x82,0x07,0x00,0x00,0x82,0x07,0x00,0x00,0x7B,0x05,0x00,0x00,0x7D,0x05,0x00,0x00,0x82,0x05,0x00,0x00,0x84,0x05,0x00,0x00,0x89,0x05,0x00,0x00,0x8B,0x05,0x00,0x00,
    0x90,0x05,0x00,0x00,0x92,0x05,0x00,0x00,0x97,0x05,0x00,0x00,0x99,0x05,0x00,0x00,0x9E,0x05,0x00,0x00,0xA0,0x05,0x00,0x00,0xA5,0x05,0x00,0x00,0xA7,0x05,0x00,0x00,
    0xAC,0x05,0x00,0x00,0xAE,0x05,0x00,0x00,0xB3,0x05,0x00,0x00,0xB5,0x05,0x00,0x00,0xBA,0x05,0x00,0x00,0xBC,0x05,0x00,0x00,0xC1,0x05,0x00,0x00,0xC3,0x05,0x00,0x00,
    0xC8,0x05,0x00,0x00,0xCA,0x05,0x00,0x00,0xCF,0x05,0x00,0x00,0xD1,0x05,0x00,0x00,0x82,0x07,0x00,0x00,0x82,0x07,0x00,0x00,0x82,0x07,0x00,0x00,0x82,0x07,0x00,0x00,
    0x82,0x07,0x00,0x00,0x82,0x07,0x00,0x00,0x82,0x07,0x00,0x00,0x82,0x07,0x00,0x00,0x82,0x07,0x00,0x00,0x82,0x07,0x00,0x00,0x82,0x07,0x00,0x00,0x82,0x07,0x00,0x00,
    0x82,0x07,0x00,0x00,0x82,0x07,0x00,0x00,0x82,0x07,0x00,0x00,0x82,0x07,0x00,0x00,0x82,0x07,0x00,0x00,0x82,0x07,0x00,0x00,0x82,0x07,0x00,0x00,0x82,0x07,0x00,0x00,
    0x82,0x07,0x00,0x00,0x82,0x07,0x00,0x00,0x82,0x07,0x00,0x00,0x82,0x07,0x00,0x00,0x82,0x07,0x00,0x00,0x82,0x07,0x00,0x00,0x82,0x07,0x00,0x00,0x82,0x07,0x00,0x00,
    0x82,0x07,0x00,0x00,0x82,0x07,0x00,0x00,0x82,0x07,0x00,0x00,0x82,0x07,0x00,0x00,0x82,0x07,0x00,0x00,0x82,0x07,0x00,0x00,0x82,0x07,0x00,0x00,0x82,0x07,0x00,0x00,
    0x0A,0x06,0x00,0x00,0x0C,0x06,0x00,0x00,0x11,0x06,0x00,0x00,0x13,0x06,0x00,0x00,0x18,0x06,0x00,0x00,0x1A,0x06,0x00,0x00,0x1F,0x06,0x00,0x00,0x21,0x06,0x00,0x00,
    0x26,0x06,0x00,0x00,0x28,0x06,0x00,0x00,0x2D,0x06,0x00,0x00,0x2F,0x06,0x00,0x00,0x34,0x06,0x00,0x00,0x36,0x06,0x00,0x00,0x3B,0x06,0x00,0x00,0x3D,0x06,0x00,0x00,
    0x42,0x06,0x00,0x00,0x44,0x06,0x00,0x00,0x49,0x06,0x00,0x00,0x4B,0x06,0x00,0x00,0x50,0x06,0x00,0x00,0x52,0x06,0x00,0x00,0x56,0x06,0x00,0x00,0x58,0x06,0x00,0x00,
    0x5D,0x06,0x00,0x00,0x5F,0x06,0x00,0x00,0x64,0x06,0x00,0x00,0x66,0x06,0x00,0x00,0x6B,0x06,0x00,0x00,0x6C,0x06,0x00,0x00,0x71,0x06,0x00,0x00,0x72,0x06,0x00,0x00,
    0x82,0x07,0x00,0x00,0x82,0x07,0x00,0x00,0x82,0x07,0x00,0x00,0x82,0x07,0x00,0x00,0x82,0x07,0x00,0x00,0x82,0x07,0x00,0x00,0x82,0x07,0x00,0x00,0x82,0x07,0x00,0x00,
    0x82,0x07,0x00,0x00,0x82,0x07,0x00,0x00,0x82,0x07,0x00,0x00,0x82,0x07,0x00,0x00,0x82,0x07,0x00,0x00,0x82,0x07,0x00,0x00,0x82,0x07,0x00,0x00,0x82,0x07,0x00,0x00,
    0x82,0x07,0x00,0x00,0x82,0x07,0x00,0x00,0x82,0x07,0x00,0x00,0x82,0x07,0x00,0x00,0x82,0x07,0x00,0x00,0x82,0x07,0x00,0x00,0x82,0x07,0x00,0x00,0x82,0x07,0x00,0x00,
    0x82,0x07,0x00,0x00,0x82,0x07,0x00,0x00,0x82,0x07,0x00,0x00,0x82,0x07,0x00,0x00,0x82,0x07,0x00,0x00,0x82,0x07,0x00,0x00,0xAE,0x06,0x00,0x00,0xB0,0x06,0x00,0x00,
    0xB5,0x06,0x00,0x00,0xB7,0x06,0x00,0x00,0xBC,0x06,0x00,0x00,0xBE,0x06,0x00,0x00,0xC3,0x06,0x00,0x00,0xC5,0x06,0x00,0x00,0xCA,0x06,0x00,0x00,0xCC,0x06,0x00,0x00,
    0xD1,0x06,0x00,0x00,0xD3,0x06,0x00,0x00,0xD8,0x06,0x00,0x00,0xD9,0x06,0x00,0x00,0xDE,0x06,0x00,0x00,0xE0,0x06,0x00,0x00,0xE5,0x06,0x00,0x00,0xE7,0x06,0x00,0x00,
    0xEC,0x06,0x00,0x00,0xEE,0x06,0x00,0x00,0xF3,0x06,0x00,0x00,0xF5,0x06,0x00,0x00,0xF9,0x06,0x00,0x00,0xFA,0x06,0x00,0x00,0xFD,0x06,0x00,0x00,0xFD,0x06,0x00,0x00,
    0x02,0x07,0x00,0x00,0x03,0x07,0x00,0x00,0x08,0x07,0x00,0x00,0x0A,0x07,0x00,0x00,0x0F,0x07,0x00,0x00,0x10,0x07,0x00,0x00,0x15,0x07,0x00,0x00,0x15,0x07,0x00,0x00,
    0x1A,0x07,0x00,0x00,0x1C,0x07,0x00,0x00,0x82,0x07,0x00,0x00,0x82,0x07,0x00,0x00,0x82,0x07,0x00,0x00,0x82,0x07,0x00,0x00,0x82,0x07,0x00,0x00,0x82,0x07,0x00,0x00,
    0x82,0x07,0x00,0x00,0x82,0x07,0x00,0x00,0x82,0x07,0x00,0x00,0x82,0x07,0x00,0x00,0x82,0x07,0x00,0x00,0x82,0x07,0x00,0x00,0x82,0x07,0x00,0x00,0x82,0x07,0x00,0x00,
    0x82,0x07,0x00,0x00,0x82,0x07,0x00,0x00,0x82,0x07,0x00,0x00,0x82,0x07,0x00,0x00,0x82,0x07,0x00,0x00,0x82,0x07,0x00,0x00,0x82,0x07,0x00,0x00,0x82,0x07,0x00,0x00,
    0x82,0x07,0x00,0x00,0x82,0x07,0x00,0x00,0x82,0x07,0x00,0x00,0x82,0x07,0x00,0x00,0x27,0x07,0x00,0x00,0x27,0x07,0x00,0x00,0x2A,0x07,0x00,0x00,0x2A,0x07,0x00,0x00,
    0x2D,0x07,0x00,0x00,0x2D,0x07,0x00,0x00,0x30,0x07,0x00,0x00,0x30,0x07,0x00,0x00,0x33,0x07,0x00,0x00,0x33,0x07,0x00,0x00,0x36,0x07,0x00,0x00,0x36,0x07,0x00,0x00,
    0x39,0x07,0x00,0x00,0x39,0x07,0x00,0x00,0x3C,0x07,0x00,0x00,0x3C,0x07,0x00,0x00,0x3F,0x07,0x00,0x00,0x3F,0x07,0x00,0x00,0x42,0x07,0x00,0x00,0x42,0x07,0x00,0x00,
    0x45,0x07,0x00,0x00,0x45,0x07,0x00,0x00,0x48,0x07,0x00,0x00,0x48,0x07,0x00,0x00,0x4B,0x07,0x00,0x00,0x4B,0x07,0x00,0x00,0x4E,0x07,0x00,0x00,0x4E,0x07,0x00,0x00,
    0x51,0x07,0x00,0x00,0x51,0x07,0x00,0x00,0x54,0x07,0x00,0x00,0x54,0x07,0x00,0x00,0x57,0x07,0x00,0x00,0x57,0x07,0x00,0x00,0x5A,0x07,0x00,0x00,0x5A,0x07,0x00,0x00,
    0x5D,0x07,0x00,0x00,0x5D,0x07,0x00,0x00,0x60,0x07,0x00,0x00,0x60,0x07,0x00,0x00,0x63,0x07,0x00,0x00,0x63,0x07,0x00,0x00,0x66,0x07,0x00,0x00,0x66,0x07,0x00,0x00,
    0x69,0x07,0x00,0x00,0x69,0x07,0x00,0x00,0x6C,0x07,0x00,0x00,0x6C,0x07,0x00,0x00,0x6F,0x07,0x00,0x00,0x6F,0x07,0x00,0x00,0x72,0x07,0x00,0x00,0x72,0x07,0x00,0x00,
    0x75,0x07,0x00,0x00,0x75,0x07,0x00,0x00,0x78,0x07,0x00,0x00,0x78,0x07,0x00,0x00,0x7B,0x07,0x00,0x00,0x7B,0x07,0x00,0x00,0x7E,0x07,0x00,0x00,0x7E,0x07,0x00,0x00,
    0x81,0x07,0x00,0x00,0x81,0x07,0x00,0x00,0x60,0x61,0x02,0x00,0x58,0x8C,0x02,0x00,0x50,0xB7,0x02,0x00,0xA0,0x6E,0x05,0x00,0x90,0x4D,0x04,0x00,0x80,0x1A,0x06,0x00,
    0x08,0x52,0x00,0x00,0xB0,0x18,0x05,0x00,0x80,0x26,0x04,0x00,0x78,0x57,0x03,0x00,0x50,0xB7,0x02,0x00,0x30,0xDA,0x04,0x00,0x90,0xE2,0x00,0x00,0x80,0x38,0x01,0x00,
    0x68,0xAD,0x03,0x00,0x18,0x5B,0x05,0x00,0x00,0xF4,0x01,0x00,0x08,0xC9,0x01,0x00,0xA0,0x86,0x01,0x00,0x80,0xB5,0x01,0x00,0xC8,0x26,0x02,0x00,0xE8,0xF7,0x01,0x00,
    0xE8,0xF7,0x01,0x00,0xC0,0xD4,0x01,0x00,0xB0,0xB3,0x00,0x00,0x90,0xE2,0x00,0x00,0x88,0x84,0x02,0x00,0xB8,0x6A,0x05,0x00,0x38,0xB5,0x03,0x00,0x88,0xF5,0x04,0x00,
    0x18,0x5B,0x05,0x00,0x00,0x00,0x00,0x00,0xFF,0xFF,0xFF,0xFF,0xFF,0xFF,0xFF,0xFF,0xFF,0xFF,0xFF,0xFF,0xFF,0xFF,0xFF,0xFF,0xFF,0xFF,0xFF,0xFF,0xFF,0xFF,0xFF,0xFF,
    0xFF,0xFF,0xFF,0xFF,0xFF,0xFF,0xFF,0xFF,0xFF,0xFF,0xFF,0xFF,0xFF,0xFF,0xFF,0xFF,0xFF,0xFF,0xFF,0xFF,0xFF,0xFF,0xFF,0xFF,0xFF,0xFF,0xFF,0xFF,0xFF,0xFF,0xFF,0xFF,
    0xFF,0xFF,0xFF,0xFF,0xFF,0xFF,0xFF,0xFF,0xFF,0xFF,0xFF,0xFF,0xFF,0xFF,0xFF,0xFF,0xFF,0xFF,0xFF,0xFF,0xFF,0xFF,0xFF,0xFF,0xFF,0xFF,0xFF,0xFF,0xFF,0xFF,0xFF,0xFF,
    0xFF,0xFF,0xFF,0xFF,0x46,0x00,0x00,0x00,0x47,0x00,0x00,0x00,0x48,0x00,0x00,0x00,0x4D,0x00,0x00,0x00,0x5E,0x00,0x00,0x00,0x5F,0x00,0x00,0x00,0x67,0x00,0x00,0x00,
    0x6A,0x00,0x00,0x00,0x6B,0x00,0x00,0x00,0x78,0x00,0x00,0x00,0x79,0x00,0x00,0x00,0x7A,0x00,0x00,0x00,0x7D,0x00,0x00,0x00,0x7F,0x00,0x00,0x00,0x80,0x00,0x00,0x00,
    0x81,0x00,0x00,0x00,0xFF,0xFF,0xFF,0xFF,0xFF,0xFF,0xFF,0xFF,0xFF,0xFF,0xFF,0xFF,0xFF,0xFF,0xFF,0xFF,0xFF,0xFF,0xFF,0xFF,0xFF,0xFF,0xFF,0xFF,0xFF,0xFF,0xFF,0xFF,
    0x44,0x00,0x00,0x00,0x45,0x00,0x00,0x00,0x4C,0x00,0x00,0x00,0x63,0x00,0x00,0x00,0x64,0x00,0x00,0x00,0x79,0x00,0x00,0x00,0x7B,0x00,0x00,0x00,0x7F,0x00,0x00,0x00,
    0x81,0x00,0x00,0x00,0x82,0x00,0x00,0x00,0x85,0x00,0x00,0x00,0x86,0x00,0x00,0x00,0xFF,0xFF,0xFF,0xFF,0xFF,0xFF,0xFF,0xFF,0xFF,0xFF,0xFF,0xFF,0xFF,0xFF,0xFF,0xFF,
    0xFF,0xFF,0xFF,0xFF,0xFF,0xFF,0xFF,0xFF,0xFF,0xFF,0xFF,0xFF,0xFF,0xFF,0xFF,0xFF,0xFF,0xFF,0xFF,0xFF,0xFF,0xFF,0xFF,0xFF,0xFF,0xFF,0xFF,0xFF,0x4C,0x00,0x00,0x00,
    0x4E,0x00,0x00,0x00,0x5C,0x00,0x00,0x00,0x70,0x00,0x00,0x00,0x76,0x00,0x00,0x00,0x77,0x00,0x00,0x00,0x7A,0x00,0x00,0x00,0x7B,0x00,0x00,0x00,0x7E,0x00,0x00,0x00,
    0x80,0x00,0x00,0x00,0x82,0x00,0x00,0x00,0x84,0x00,0x00,0x00,0x85,0x00,0x00,0x00,0x86,0x00,0x00,0x00,0xFF,0xFF,0xFF,0xFF,0xFF,0xFF,0xFF,0xFF,0xFF,0xFF,0xFF,0xFF,
    0xFF,0xFF,0xFF,0xFF,0xFF,0xFF,0xFF,0xFF,0xFF,0xFF,0xFF,0xFF,0xFF,0xFF,0xFF,0xFF,0xFF,0xFF,0xFF,0xFF,0xFF,0xFF,0xFF,0xFF,0x46,0x00,0x00,0x00,0x48,0x00,0x00,0x00,
    0x4D,0x00,0x00,0x00,0x51,0x00,0x00,0x00,0x5F,0x00,0x00,0x00,0x7A,0x00,0x00,0x00,0x7B,0x00,0x00,0x00,0x7E,0x00,0x00,0x00,0x80,0x00,0x00,0x00,0x82,0x00,0x00,0x00,
    0xFF,0xFF,0xFF,0xFF,0xFF,0xFF,0xFF,0xFF,0xFF,0xFF,0xFF,0xFF,0xFF,0xFF,0xFF,0xFF,0xFF,0xFF,0xFF,0xFF,0xFF,0xFF,0xFF,0xFF,0xFF,0xFF,0xFF,0xFF,0xFF,0xFF,0xFF,0xFF,
    0xFF,0xFF,0xFF,0xFF,0xFF,0xFF,0xFF,0xFF,0xFF,0xFF,0xFF,0xFF,0xFF,0xFF,0xFF,0xFF,0xFF,0xFF,0xFF,0xFF,0x43,0x00,0x00,0x00,0x46,0x00,0x00,0x00,0x48,0x00,0x00,0x00,
    0x49,0x00,0x00,0x00,0x4A,0x00,0x00,0x00,0x4D,0x00,0x00,0x00,0x4E,0x00,0x00,0x00,0x4F,0x00,0x00,0x00,0x51,0x00,0x00,0x00,0x52,0x00,0x00,0x00,0x53,0x00,0x00,0x00,
    0x54,0x00,0x00,0x00,0x56,0x00,0x00,0x00,0x5E,0x00,0x00,0x00,0x71,0x00,0x00,0x00,0x72,0x00,0x00,0x00,0x79,0x00,0x00,0x00,0x7A,0x00,0x00,0x00,0x7B,0x00,0x00,0x00,
    0x7C,0x00,0x00,0x00,0x7E,0x00,0x00,0x00,0x81,0x00,0x00,0x00,0x82,0x00,0x00,0x00,0x47,0x00,0x00,0x00,0x48,0x00,0x00,0x00,0x4D,0x00,0x00,0x00,0x51,0x00,0x00,0x00,
    0x52,0x00,0x00,0x00,0x5C,0x00,0x00,0x00,0x5F,0x00,0x00,0x00,0x67,0x00,0x00,0x00,0x6A,0x00,0x00,0x00,0x6B,0x00,0x00,0x00,0x73,0x00,0x00,0x00,0x74,0x00,0x00,0x00,
    0x78,0x00,0x00,0x00,0x79,0x00,0x00,0x00,0x7A,0x00,0x00,0x00,0x7D,0x00,0x00,0x00,0x7F,0x00,0x00,0x00,0x80,0x00,0x00,0x00,0x82,0x00,0x00,0x00,0xFF,0xFF,0xFF,0xFF,
    0xFF,0xFF,0xFF,0xFF,0xFF,0xFF,0xFF,0xFF,0xFF,0xFF,0xFF,0xFF,0x46,0x00,0x00,0x00,0x47,0x00,0x00,0x00,0x49,0x00,0x00,0x00,0x4A,0x00,0x00,0x00,0x4B,0x00,0x00,0x00,
    0x4D,0x00,0x00,0x00,0x4E,0x00,0x00,0x00,0x4F,0x00,0x00,0x00,0x56,0x00,0x00,0x00,0x5E,0x00,0x00,0x00,0x71,0x00,0x00,0x00,0x72,0x00,0x00,0x00,0x79,0x00,0x00,0x00,
    0x7A,0x00,0x00,0x00,0x7F,0x00,0x00,0x00,0x80,0x00,0x00,0x00,0x81,0x00,0x00,0x00,0x85,0x00,0x00,0x00,0x86,0x00,0x00,0x00,0xFF,0xFF,0xFF,0xFF,0xFF,0xFF,0xFF,0xFF,
    0xFF,0xFF,0xFF,0xFF,0xFF,0xFF,0xFF,0xFF,0x44,0x00,0x00,0x00,0x45,0x00,0x00,0x00,0x51,0x00,0x00,0x00,0x55,0x00,0x00,0x00,0x63,0x00,0x00,0x00,0x76,0x00,0x00,0x00,
    0x77,0x00,0x00,0x00,0x7A,0x00,0x00,0x00,0x7B,0x00,0x00,0x00,0x7E,0x00,0x00,0x00,0x80,0x00,0x00,0x00,0x81,0x00,0x00,0x00,0xFF,0xFF,0xFF,0xFF,0xFF,0xFF,0xFF,0xFF,
    0xFF,0xFF,0xFF,0xFF,0xFF,0xFF,0xFF,0xFF,0xFF,0xFF,0xFF,0xFF,0xFF,0xFF,0xFF,0xFF,0xFF,0xFF,0xFF,0xFF,0xFF,0xFF,0xFF,0xFF,0xFF,0xFF,0xFF,0xFF,0xFF,0xFF,0xFF,0xFF,
    0xFF,0xFF,0xFF,0xFF,0x46,0x00,0x00,0x00,0x48,0x00,0x00,0x00,0x4B,0x00,0x00,0x00,0x4C,0x00,0x00,0x00,0x4E,0x00,0x00,0x00,0x5C,0x00,0x00,0x00,0x5F,0x00,0x00,0x00,
    0x67,0x00,0x00,0x00,0x73,0x00,0x00,0x00,0x74,0x00,0x00,0x00,0x79,0x00,0x00,0x00,0x7B,0x00,0x00,0x00,0x7E,0x00,0x00,0x00,0x81,0x00,0x00,0x00,0x82,0x00,0x00,0x00,
    0xFF,0xFF,0xFF,0xFF,0xFF,0xFF,0xFF,0xFF,0xFF,0xFF,0xFF,0xFF,0xFF,0xFF,0xFF,0xFF,0xFF,0xFF,0xFF,0xFF,0xFF,0xFF,0xFF,0xFF,0xFF,0xFF,0xFF,0xFF,0xFF,0xFF,0xFF,0xFF,
    0x44,0x00,0x00,0x00,0x45,0x00,0x00,0x00,0x48,0x00,0x00,0x00,0x4D,0x00,0x00,0x00,0x5F,0x00,0x00,0x00,0x63,0x00,0x00,0x00,0x79,0x00,0x00,0x00,0x7B,0x00,0x00,0x00,
    0x7F,0x00,0x00,0x00,0x81,0x00,0x00,0x00,0x82,0x00,0x00,0x00,0xFF,0xFF,0xFF,0xFF,0xFF,0xFF,0xFF,0xFF,0xFF,0xFF,0xFF,0xFF,0xFF,0xFF,0xFF,0xFF,0xFF,0xFF,0xFF,0xFF,
    0xFF,0xFF,0xFF,0xFF,0xFF,0xFF,0xFF,0xFF,0xFF,0xFF,0xFF,0xFF,0xFF,0xFF,0xFF,0xFF,0xFF,0xFF,0xFF,0xFF,0xFF,0xFF,0xFF,0xFF,0xFF,0xFF,0xFF,0xFF,0x42,0x00,0x00,0x00,
    0x44,0x00,0x00,0x00,0x45,0x00,0x00,0x00,0x4A,0x00,0x00,0x00,0x4E,0x00,0x00,0x00,0x63,0x00,0x00,0x00,0x6E,0x00,0x00,0x00,0x85,0x00,0x00,0x00,0x86,0x00,0x00,0x00,
    0xFF,0xFF,0xFF,0xFF,0xFF,0xFF,0xFF,0xFF,0xFF,0xFF,0xFF,0xFF,0xFF,0xFF,0xFF,0xFF,0xFF,0xFF,0xFF,0xFF,0xFF,0xFF,0xFF,0xFF,0xFF,0xFF,0xFF,0xFF,0xFF,0xFF,0xFF,0xFF,
    0xFF,0xFF,0xFF,0xFF,0xFF,0xFF,0xFF,0xFF,0xFF,0xFF,0xFF,0xFF,0xFF,0xFF,0xFF,0xFF,0xFF,0xFF,0xFF,0xFF,0xFF,0xFF,0xFF,0xFF,0x00,0x00,0x00,0x00,0x00,0x00,0x00,0x00,
    0x00,0x00,0x00,0x00,0x00,0x00,0x00,0x00,0x00,0x00,0x00,0x00,0x00,0x00,0x00,0x00,0x00,0x00,0x00,0x00,0x00,0x00,0x00,0x00,0x00,0x00,0x00,0x00,0x00,0x00,0x00,0x00,
    0x00,0x00,0x00,0x00,0x00,0x00,0x00,0x00,0x00,0x00,0x00,0x00,0x00,0x00,0x00,0x00,0x00,0x00,0x00,0x00,0x00,0x00,0x00,0x00,0x00,0x00,0x00,0x00,0x00,0x00,0x00,0x00,
    0x00,0x00,0x00,0x00,0x00,0x00,0x00,0x00,0x00,0x00,0x00,0x00,0x00,0x00,0x00,0x00,0x00,0x00,0x00,0x00,0x00,0x00,0x00,0x00,0xFF,0xFF,0xFF,0xFF,0xFF,0xFF,0xFF,0xFF,
    0xFF,0xFF,0xFF,0xFF,0xFF,0xFF,0xFF,0xFF,0xFF,0xFF,0xFF,0xFF,0xFF,0xFF,0xFF,0xFF,0xFF,0xFF,0xFF,0xFF,0xFF,0xFF,0xFF,0xFF,0xFF,0xFF,0xFF,0xFF,0xFF,0xFF,0xFF,0xFF,
    0xFF,0xFF,0xFF,0xFF,0xFF,0xFF,0xFF,0xFF,0xFF,0xFF,0xFF,0xFF,0xFF,0xFF,0xFF,0xFF,0xFF,0xFF,0xFF,0xFF,0xFF,0xFF,0xFF,0xFF,0xFF,0xFF,0xFF,0xFF,0xFF,0xFF,0xFF,0xFF,
    0xFF,0xFF,0xFF,0xFF,0xFF,0xFF,0xFF,0xFF,0xFF,0xFF,0xFF,0xFF,0xFF,0xFF,0xFF,0xFF,0xFF,0xFF,0xFF,0xFF,0xFF,0xFF,0xFF,0xFF,0xFF,0xFF,0xFF,0xFF,0xFF,0xFF,0xFF,0xFF,
    0xFF,0xFF,0xFF,0xFF,0xFF,0xFF,0xFF,0xFF,0xFF,0xFF,0xFF,0xFF,0xFF,0xFF,0xFF,0xFF,0xFF,0xFF,0xFF,0xFF,0xFF,0xFF,0xFF,0xFF,0xFF,0xFF,0xFF,0xFF,0xFF,0xFF,0xFF,0xFF,
    0xFF,0xFF,0xFF,0xFF,0xFF,0xFF,0xFF,0xFF,0xFF,0xFF,0xFF,0xFF,0xFF,0xFF,0xFF,0xFF,0xFF,0xFF,0xFF,0xFF,0xFF,0xFF,0xFF,0xFF,0xFF,0xFF,0xFF,0xFF,0xFF,0xFF,0xFF,0xFF,
    0xFF,0xFF,0xFF,0xFF,0xFF,0xFF,0xFF,0xFF,0xFF,0xFF,0xFF,0xFF,0xFF,0xFF,0xFF,0xFF,0xFF,0xFF,0xFF,0xFF,0xFF,0xFF,0xFF,0xFF,0xFF,0xFF,0xFF,0xFF,0xFF,0xFF,0xFF,0xFF,
    0xFF,0xFF,0xFF,0xFF,0xFF,0xFF,0xFF,0xFF,0xFF,0xFF,0xFF,0xFF,0xFF,0xFF,0xFF,0xFF,0xFF,0xFF,0xFF,0xFF,0xFF,0xFF,0xFF,0xFF,0xFF,0xFF,0xFF,0xFF,0xFF,0xFF,0xFF,0xFF,
    0xFF,0xFF,0xFF,0xFF,0xFF,0xFF,0xFF,0xFF,0x58,0x01,0x00,0x00,0x55,0x01,0x00,0x00,0x57,0x01,0x00,0x00,0xFF,0xFF,0xFF,0xFF,0x54,0x01,0x00,0x00,0xFF,0xFF,0xFF,0xFF,
    0xFF,0xFF,0xFF,0xFF,0xFF,0xFF,0xFF,0xFF,0xFF,0xFF,0xFF,0xFF,0xFF,0xFF,0xFF,0xFF,0xFF,0xFF,0xFF,0xFF,0xFF,0xFF,0xFF,0xFF,0xFF,0xFF,0xFF,0xFF,0xFF,0xFF,0xFF,0xFF,
    0xE7,0x01,0x00,0x00,0xFF,0xFF,0xFF,0xFF,0xFF,0xFF,0xFF,0xFF,0xFF,0xFF,0xFF,0xFF,0xFF,0xFF,0xFF,0xFF,0xFF,0xFF,0xFF,0xFF,0xE5,0x01,0x00,0x00,0xFF,0xFF,0xFF,0xFF,
    0xFF,0xFF,0xFF,0xFF,0xE6,0x01,0x00,0x00,0xFF,0xFF,0xFF,0xFF,0xFF,0xFF,0xFF,0xFF,0xFF,0xFF,0xFF,0xFF,0xFF,0xFF,0xFF,0xFF,0xFF,0xFF,0xFF,0xFF,0xFF,0xFF,0xFF,0xFF,
    0xFF,0xFF,0xFF,0xFF,0xFF,0xFF,0xFF,0xFF,0xFF,0xFF,0xFF,0xFF,0x23,0x03,0x00,0x00,0xFF,0xFF,0xFF,0xFF,0xFF,0xFF,0xFF,0xFF,0xFF,0xFF,0xFF,0xFF,0xFF,0xFF,0xFF,0xFF,
    0xFF,0xFF,0xFF,0xFF,0x24,0x03,0x00,0x00,0xFF,0xFF,0xFF,0xFF,0xFF,0xFF,0xFF,0xFF,0xFF,0xFF,0xFF,0xFF,0xFF,0xFF,0xFF,0xFF,0xFF,0xFF,0xFF,0xFF,0xFF,0xFF,0xFF,0xFF,
    0xFF,0xFF,0xFF,0xFF,0xFF,0xFF,0xFF,0xFF,0xFF,0xFF,0xFF,0xFF,0xFF,0xFF,0xFF,0xFF,0xFF,0xFF,0xFF,0xFF,0xFF,0xFF,0xFF,0xFF,0xFF,0xFF,0xFF,0xFF,0xFF,0xFF,0xFF,0xFF,
    0xFF,0xFF,0xFF,0xFF,0xFF,0xFF,0xFF,0xFF,0xFF,0xFF,0xFF,0xFF,0xFF,0xFF,0xFF,0xFF,0xFF,0xFF,0xFF,0xFF,0xFF,0xFF,0xFF,0xFF,0xFF,0xFF,0xFF,0xFF,0xFF,0xFF,0xFF,0xFF,
    0xFF,0xFF,0xFF,0xFF,0xFF,0xFF,0xFF,0xFF,0xFF,0xFF,0xFF,0xFF,0xFF,0xFF,0xFF,0xFF,0xFF,0xFF,0xFF,0xFF,0xFF,0xFF,0xFF,0xFF,0xFF,0xFF,0xFF,0xFF,0xFF,0xFF,0xFF,0xFF,
    0xFF,0xFF,0xFF,0xFF,0xFF,0xFF,0xFF,0xFF,0xFF,0xFF,0xFF,0xFF,0xFF,0xFF,0xFF,0xFF,0xFF,0xFF,0xFF,0xFF,0x3A,0x04,0x00,0x00,0xFF,0xFF,0xFF,0xFF,0xFF,0xFF,0xFF,0xFF,
    0xFF,0xFF,0xFF,0xFF,0xFF,0xFF,0xFF,0xFF,0xFF,0xFF,0xFF,0xFF,0xFF,0xFF,0xFF,0xFF,0x3C,0x04,0x00,0x00,0xFF,0xFF,0xFF,0xFF,0xFF,0xFF,0xFF,0xFF,0x3D,0x04,0x00,0x00,
    0xFF,0xFF,0xFF,0xFF,0x3B,0x04,0x00,0x00,0xFF,0xFF,0xFF,0xFF,0xFF,0xFF,0xFF,0xFF,0xFF,0xFF,0xFF,0xFF,0xFF,0xFF,0xFF,0xFF,0xFF,0xFF,0xFF,0xFF,0xFF,0xFF,0xFF,0xFF,
    0xD0,0x04,0x00,0x00,0xFF,0xFF,0xFF,0xFF,0xFF,0xFF,0xFF,0xFF,0xFF,0xFF,0xFF,0xFF,0xFF,0xFF,0xFF,0xFF,0xFF,0xFF,0xFF,0xFF,0xFF,0xFF,0xFF,0xFF,0xFF,0xFF,0xFF,0xFF,
    0xFF,0xFF,0xFF,0xFF,0xFF,0xFF,0xFF,0xFF,0xFF,0xFF,0xFF,0xFF,0xFF,0xFF,0xFF,0xFF,0xFF,0xFF,0xFF,0xFF,0xD2,0x04,0x00,0x00,0xFF,0xFF,0xFF,0xFF,0xFF,0xFF,0xFF,0xFF,
    0xFF,0xFF,0xFF,0xFF,0xD1,0x04,0x00,0x00,0xFF,0xFF,0xFF,0xFF,0xCF,0x04,0x00,0x00,0xFF,0xFF,0xFF,0xFF,0xFF,0xFF,0xFF,0xFF,0xFF,0xFF,0xFF,0xFF,0xFF,0xFF,0xFF,0xFF,
    0xFF,0xFF,0xFF,0xFF,0xFF,0xFF,0xFF,0xFF,0xFF,0xFF,0xFF,0xFF,0xFF,0xFF,0xFF,0xFF,0x61,0x05,0x00,0x00,0xFF,0xFF,0xFF,0xFF,0xFF,0xFF,0xFF,0xFF,0x63,0x05,0x00,0x00,
    0xFF,0xFF,0xFF,0xFF,0xFF,0xFF,0xFF,0xFF,0xFF,0xFF,0xFF,0xFF,0xFF,0xFF,0xFF,0xFF,0xFF,0xFF,0xFF,0xFF,0xFF,0xFF,0xFF,0xFF,0xFF,0xFF,0xFF,0xFF,0x62,0x05,0x00,0x00,
    0xFF,0xFF,0xFF,0xFF,0xFF,0xFF,0xFF,0xFF,0xFF,0xFF,0xFF,0xFF,0xFF,0xFF,0xFF,0xFF,0xFF,0xFF,0xFF,0xFF,0xFF,0xFF,0xFF,0xFF,0xFF,0xFF,0xFF,0xFF,0xFF,0xFF,0xFF,0xFF,
    0xFF,0xFF,0xFF,0xFF,0xFF,0xFF,0xFF,0xFF,0xFF,0xFF,0xFF,0xFF,0xEC,0x05,0x00,0x00,0xFF,0xFF,0xFF,0xFF,0xFF,0xFF,0xFF,0xFF,0xFF,0xFF,0xFF,0xFF,0xEE,0x05,0x00,0x00,
    0xFF,0xFF,0xFF,0xFF,0xFF,0xFF,0xFF,0xFF,0xFF,0xFF,0xFF,0xFF,0xFF,0xFF,0xFF,0xFF,0xFF,0xFF,0xFF,0xFF,0xFF,0xFF,0xFF,0xFF,0xFF,0xFF,0xFF,0xFF,0xFF,0xFF,0xFF,0xFF,
    0xFF,0xFF,0xFF,0xFF,0xFF,0xFF,0xFF,0xFF,0xFF,0xFF,0xFF,0xFF,0x93,0x06,0x00,0x00,0x94,0x06,0x00,0x00,0xFF,0xFF,0xFF,0xFF,0x91,0x06,0x00,0x00,0xFF,0xFF,0xFF,0xFF,
    0xFF,0xFF,0xFF,0xFF,0xFF,0xFF,0xFF,0xFF,0xFF,0xFF,0xFF,0xFF,0xFF,0xFF,0xFF,0xFF,0xFF,0xFF,0xFF,0xFF,0xFF,0xFF,0xFF,0xFF,0x92,0x06,0x00,0x00,0xFF,0xFF,0xFF,0xFF,
    0xFF,0xFF,0xFF,0xFF,0xFF,0xFF,0xFF,0xFF,0xFF,0xFF,0xFF,0xFF,0xFF,0xFF,0xFF,0xFF,0xFF,0xFF,0xFF,0xFF,0xFF,0xFF,0xFF,0xFF,0xFF,0xFF,0xFF,0xFF,0x95,0x06,0x00,0x00,
    0xFF,0xFF,0xFF,0xFF,0xFF,0xFF,0xFF,0xFF,0xFF,0xFF,0xFF,0xFF,0xFF,0xFF,0xFF,0xFF,0xFF,0xFF,0xFF,0xFF,0xFF,0xFF,0xFF,0xFF,0xFF,0xFF,0xFF,0xFF,0xFF,0xFF,0xFF,0xFF,
    0xFF,0xFF,0xFF,0xFF,0xFF,0xFF,0xFF,0xFF,0xFF,0xFF,0xFF,0xFF,0xFF,0xFF,0xFF,0xFF,0xFF,0xFF,0xFF,0xFF,0xFF,0xFF,0xFF,0xFF,0xFF,0xFF,0xFF,0xFF,0xFF,0xFF,0xFF,0xFF,
    0xFF,0xFF,0xFF,0xFF,0xFF,0xFF,0xFF,0xFF,0xFF,0xFF,0xFF,0xFF,0xFF,0xFF,0xFF,0xFF,0xFF,0xFF,0xFF,0xFF,0xFF,0xFF,0xFF,0xFF,0x00,0x00,0x00,0x00,0x00,0x00,0x00,0x00,
    0x00,0x00,0x00,0x00,0x00,0x00,0x00,0x00,0x00,0x00,0x00,0x00,0x00,0x00,0x00,0x00,0x00,0x00,0x00,0x00,0x00,0x00,0x00,0x00,0x00,0x00,0x00,0x00,0x00,0x00,0x00,0x00,
    0x00,0x00,0x00,0x00,0x00,0x00,0x00,0x00,0x00,0x00,0x00,0x00,0x00,0x00,0x00,0x00,0x00,0x00,0x00,0x00,0x00,0x00,0x00,0x00,0x00,0x00,0x00,0x00,0x00,0x00,0x00,0x00,
    0x00,0x00,0x00,0x00,0x00,0x00,0x00,0x00,0x00,0x00,0x00,0x00,0x00,0x00,0x00,0x00,0x00,0x00,0x00,0x00,0x00,0x00,0x00,0x00,0x00,0x00,0x00,0x00,0x00,0x00,0x00,0x00,
    0x00,0x00,0x00,0x00,0x00,0x00,0x00,0x00,0x00,0x00,0x00,0x00,0x00,0x00,0x00,0x00,0x00,0x00,0x00,0x00,0x00,0x00,0x00,0x00,0x00,0x00,0x00,0x00,0x00,0x00,0x00,0x00,
    0x00,0x00,0x00,0x00,0x00,0x00,0x00,0x00,0x00,0x00,0x00,0x00,0x00,0x00,0x00,0x00,0x00,0x00,0x00,0x00,0x00,0x00,0x00,0x00,0x00,0x00,0x00,0x00,0x00,0x00,0x00,0x00,
    0x00,0x00,0x00,0x00,0x00,0x00,0x00,0x00,0x00,0x00,0x00,0x00,0x00,0x00,0x00,0x00,0x00,0x00,0x00,0x00,0xFF,0xFF,0xFF,0xFF,
};
static const uint8 s_Init_8CC30C[]{
    0x00,0x00,0xC8,0xC2,0x02,0x00,0x00,0x00,0x00,0x00,0x00,0x00,0xD0,0x30,0x86,0x00,0xC4,0x30,0x86,0x00,0xB8,0x30,0x86,0x00,0xA8,0x30,0x86,0x00,0x98,0x30,0x86,0x00,
    0x8C,0x30,0x86,0x00,0x7C,0x30,0x86,0x00,0x6C,0x30,0x86,0x00,0x5C,0x30,0x86,0x00,0x50,0x30,0x86,0x00,0x48,0x30,0x86,0x00,0x3C,0x30,0x86,0x00,0x30,0x30,0x86,0x00,
    0x24,0x30,0x86,0x00,0x1C,0x30,0x86,0x00,0x14,0x30,0x86,0x00,0x0C,0x30,0x86,0x00,0xFC,0x2F,0x86,0x00,0xE8,0x2F,0x86,0x00,0xD4,0x2F,0x86,0x00,0xC8,0x2F,0x86,0x00,
    0xBC,0x2F,0x86,0x00,0xB0,0x2F,0x86,0x00,0xAC,0x2F,0x86,0x00,0xA4,0x2F,0x86,0x00,0x98,0x2F,0x86,
};
static const uint8 s_Init_8CC381[]{
    0x02,0x00,0x00,0x03,0x00,0x00,0x00,0xFF,0xFF,0xFF,0xFF,
};
static const uint8 s_Init_8CCB84[]{
    0x00,0x00,0x80,0x3F,0x00,0x00,0x00,0x40,0x00,0x00,0x80,0x3F,
};
static const uint8 s_Init_8CCB9C[]{
    0xFF,0xFF,0xFF,0xFF,
};
static const uint8 s_Init_8CCBA4[]{
    0xFF,0xFF,0xFF,0xFF,
};
static const uint8 s_Init_8CD4F8[]{
    0xFF,0xFF,
};
static const uint8 s_Init_8CD500[]{
    0xFF,0xFF,
};
static const uint8 s_Init_8CD524[]{
    0xFF,0xFF,
};
static const uint8 s_Init_8CD530[]{
    0xFF,0xFF,0x00,0x00,0xFF,0xFF,0x00,0x00,0xFF,0xFF,0x00,0x00,0xFF,0xFF,0x00,0x00,0xFF,0xFF,0x00,0x00,0xFF,0xFF,0x00,0x00,0xFF,0xFF,0x00,0x00,0xFF,0xFF,0x00,0x00,
    0xFF,0xFF,0x00,0x00,0xFF,0xFF,0x00,0x00,0xFF,0xFF,0x00,0x00,0xFF,0xFF,
};
static const uint8 s_Init_8CD564[]{
    0xFF,0xFF,0x00,0x00,0xFF,0xFF,0x00,0x00,0xFF,0xFF,0x00,0x00,0xFF,0xFF,0x00,0x00,0xFF,0xFF,0x00,0x00,0xFF,0xFF,0x00,0x00,0xFF,0xFF,0x00,0x00,0xFF,0xFF,0x00,0x00,
    0xFF,0xFF,0x00,0x00,0xFF,0xFF,0x00,0x00,0xFF,0xFF,0x00,0x00,0xFF,0xFF,0x00,0x00,0xFF,0xFF,0x00,0x00,0xFF,0xFF,
};
static const uint8 s_Init_8CD5A0[]{
    0xFF,0xFF,0x00,0x00,0xFF,0xFF,0x00,0x00,0xFF,0xFF,0x00,0x00,0xFF,0xFF,0x00,0x00,0xFF,0xFF,0x00,0x00,0xFF,0xFF,0x00,0x00,0xFF,0xFF,
};
static const uint8 s_Init_8CD5C0[]{
    0xFF,0xFF,0x00,0x00,0xFF,0xFF,0x00,0x00,0xFF,0xFF,0x00,0x00,0xFF,0xFF,0x00,0x00,0xFF,0xFF,0x00,0x00,0xFF,0xFF,
};
static const uint8 s_Init_8CD5DC[]{
    0xFF,0xFF,
};
static const uint8 s_Init_8CD5E4[]{
    0xFF,0xFF,
};
static const uint8 s_Init_8CD5F0[]{
    0xFF,0xFF,0x00,0x00,0xFF,0xFF,0x00,0x00,0xFF,0xFF,
};
static const uint8 s_Init_8CD600[]{
    0xFF,0xFF,0x00,0x00,0xFF,0xFF,0x00,0x00,0xFF,0xFF,0x00,0x00,0xFF,0xFF,0x00,0x00,0xFF,0xFF,
};
static const uint8 s_Init_8CD618[]{
    0xFF,0xFF,0x00,0x00,0xFF,0xFF,
};
static const uint8 s_Init_8CD624[]{
    0xFF,0xFF,0x00,0x00,0xFF,0xFF,0x00,0x00,0xFF,0xFF,0x00,0x00,0xFF,0xFF,0x00,0x00,0xFF,0xFF,0x00,0x00,0xFF,0xFF,0x00,0x00,0xFF,0xFF,0x00,0x00,0xFF,0xFF,
};
static const uint8 s_Init_8CD650[]{
    0xFF,0xFF,
};
static const uint8 s_Init_8CD658[]{
    0xFF,0xFF,
};
static const uint8 s_Init_8CD660[]{
    0xFF,0xFF,
};
static const uint8 s_Init_8CD66C[]{
    0xFF,0xFF,0x00,0x00,0xFF,0xFF,
};
static const uint8 s_Init_8CD67C[]{
    0xFF,0xFF,0x00,0x00,0xFF,0xFF,0x00,0x00,0xFF,0xFF,0x00,0x00,0xFF,0xFF,0x00,0x00,0xFF,0xFF,0x00,0x00,0xFF,0xFF,0x00,0x00,0xFF,0xFF,0x00,0x00,0xFF,0xFF,0x00,0x00,
    0xFF,0xFF,0x00,0x00,0xFF,0xFF,0x00,0x00,0xFF,0xFF,0x00,0x00,0xFF,0xFF,0x00,0x00,0xFF,0xFF,0x00,0x00,0xFF,0xFF,0x00,0x00,0xFF,0xFF,
};
static const uint8 s_Init_8CD6BC[]{
    0xFF,0xFF,0x00,0x00,0xFF,0xFF,0x00,0x00,0xFF,0xFF,0x00,0x00,0xFF,0xFF,0x00,0x00,0xFF,0xFF,0x00,0x00,0xFF,0xFF,0x00,0x00,0xFF,0xFF,0x00,0x00,0xFF,0xFF,0x00,0x00,
    0xFF,0xFF,0x00,0x00,0xFF,0xFF,0x00,0x00,0xFF,0xFF,0x00,0x00,0xFF,0xFF,0x00,0x00,0xFF,0xFF,0x00,0x00,0xFF,0xFF,0x00,0x00,0xFF,0xFF,0x00,0x00,0xFF,0xFF,
};
static const uint8 s_Init_8CD704[]{
    0xFF,0xFF,0x00,0x00,0xFF,0xFF,0x00,0x00,0xFF,0xFF,0x00,0x00,0xFF,0xFF,0x00,0x00,0xFF,0xFF,0x00,0x00,0xFF,0xFF,
};
static const uint8 s_Init_8CD720[]{
    0xFF,0xFF,0x00,0x00,0xFF,0xFF,0x00,0x00,0xFF,0xFF,0x00,0x00,0xFF,0xFF,0x00,0x00,0xFF,0xFF,0x00,0x00,0xFF,0xFF,0x00,0x00,0xFF,0xFF,0x00,0x00,0xFF,0xFF,
};
static const uint8 s_Init_8CD744[]{
    0xFF,0xFF,0x00,0x00,0xFF,0xFF,0x00,0x00,0xFF,0xFF,
};
static const uint8 s_Init_8CD758[]{
    0xFF,0xFF,0x00,0x00,0xFF,0xFF,0x00,0x00,0xFF,0xFF,0x00,0x00,0xFF,0xFF,0x00,0x00,0xFF,0xFF,
};
static const uint8 s_Init_8CD770[]{
    0xFF,0xFF,0x00,0x00,0xFF,0xFF,0x00,0x00,0xFF,0xFF,0x00,0x00,0xFF,0xFF,0x00,0x00,0xFF,0xFF,
};
static const uint8 s_Init_8CD784[]{
    0x00,0x00,0x00,0x40,0xF4,0xFD,0x34,0x3F,0x00,0x00,0x00,0x3F,0x00,0x00,0x00,0x40,0x33,0x33,0x73,0x3F,0x66,0x66,0x86,0x3F,0xCD,0xCC,0xCC,0x3E,0x00,0x00,0x80,0x3E,
    0x77,0xBE,0x7F,0x3F,0x00,0x00,0x16,0x43,0x00,0x00,0x80,0x3F,0x0A,0xD7,0xA3,0x3C,0x0A,0xD7,0x23,0x3C,0x00,0x00,0x00,0x3F,0x00,0x00,0x80,0x3F,0xCD,0xCC,0xCC,0x3D,
    0xCD,0xCC,0x4C,0x3D,0xF4,0xFD,0x34,0x3F,0xCD,0xCC,0x4C,0x3E,0x00,0x00,0xC0,0x3F,0x00,0x00,0xC0,0x3F,0x00,0x00,0x40,0x3F,0xAC,0xC5,0x27,0x37,0x00,0x00,0x00,0x3F,
    0xCD,0xCC,0x4C,0xBE,0x3B,0x46,0xF1,0x3F,0x00,0x00,0x00,0x3F,0x0A,0xD7,0x23,0x3C,0xCD,0xCC,0x4C,0x3D,0xCD,0xCC,0x4C,0x3E,0x00,0x00,0x80,0x40,
};
static const uint8 s_Init_8CDEE0[]{
    0x09,
};
static const uint8 s_Init_8CDEE8[]{
    0xF0,0x23,0x00,0x00,0xF4,0xFD,0x34,0x3F,0x08,
};
static const uint8 s_Init_8CDF14[]{
    0x00,0x00,0x80,0x3F,0x00,0x00,0x80,0x3F,
};
static const uint8 s_Init_8D0920[]{
    0x00,0x24,0x74,0x49,0x00,0x24,0x74,0xC9,0x00,0x24,0x74,0xC9,0x00,0x24,0x74,0x49,
};
static const uint8 s_Init_8D0938[]{
    0x00,0x00,0x16,0x43,0xFF,0xFF,0xFF,0xFF,0xFF,0xFF,0xFF,0xFF,0xFF,0xFF,0xFF,0xFF,
};
static const uint8 s_Init_8D0A20[]{
    0xFE,0x23,0x74,0x49,
};
static const uint8 s_Init_8D0AA4[]{
    0x01,0x01,
};
static const uint8 s_Init_8D0F68[]{
    0xFC,0x8A,0x86,0x00,0xF0,0x8A,0x86,0x00,0xE4,0x8A,0x86,0x00,0xD8,0x8A,0x86,0x00,0xC8,0x8A,0x86,0x00,0xBC,0x8A,0x86,
};
static const uint8 s_Init_8D12C8[]{
    0xFF,0xFF,0xFF,0xFF,
};
static const uint8 s_Init_8D132C[]{
    0x00,0x00,0x20,0x41,0xFF,0xFF,0x00,0x00,0x00,0x00,0xF0,0x41,0x00,0x00,0x0C,0x42,0x00,0x00,0x20,0x42,0x00,0x00,0x20,0x42,0xC8,
};
static const uint8 s_Init_8D22B0[]{
    0x33,0x33,0xB3,0x3E,0xDB,0x0F,0xC9,0x3F,0xDB,0x0F,0xC9,0xBF,0x92,0x0A,0x86,0x3E,0xDB,0x0F,0x49,0x3F,0xDB,0x0F,0x49,0xBF,0x35,0xFA,0x0E,0x3E,0xDB,0x0F,0xC9,0x3F,
    0xDB,0x0F,0xC9,0xBF,0xC3,0xB8,0x32,0x3E,0xDB,0x0F,0x49,0x3F,0xDB,0x0F,0x49,0xBF,0xC3,0xB8,0xB2,0x3D,0xF3,0x66,0x5F,0x3F,0xF3,0x66,0x5F,0xBF,0x50,0x77,0x56,0x3D,
    0x92,0x0A,0x86,0x3F,0x0C,0xBE,0x75,0xBF,0xC3,0xB8,0xB2,0x3D,0xC3,0xB8,0xB2,0x3D,0x92,0x0A,0x06,0xC0,0xC3,0xB8,0xB2,0x3E,0xAA,0x61,0x9C,0x3F,0xAA,0x61,0x9C,0xBF,
    0xC3,0xB8,0xB2,0x3E,0x92,0x0A,0x86,0x3F,0x00,0x00,0x00,0x00,0x92,0x0A,0x86,0x3E,0xDB,0x0F,0xC9,0x3F,0xDB,0x0F,0xC9,0xBF,0xC3,0xB8,0x32,0x3E,0x00,0x00,0x80,0x3F,
    0x00,0x00,0x00,0x00,0x00,0x00,0x00,0x00,0x00,0x00,0x00,0x00,0x00,0x00,0x80,0x3F,0x00,0x00,0x00,0x00,0x00,0x00,0x00,0x00,0x00,0x00,0x00,0x00,0x00,0x00,0x80,0x3F,
    0x00,0x00,0x80,0x3F,0x01,
};
static const uint8 s_Init_8D235C[]{
    0xB8,0x0B,
};
static const uint8 s_Init_8D2380[]{
    0x9A,0x99,0x99,0x3E,0x00,0x00,0xF0,0x41,0x00,0x00,0x48,0x42,0x00,0x00,0x00,0x3F,0x00,0x00,0x00,0x40,0x00,0x00,0x80,0x3F,0x00,0x00,0x20,0x40,0x00,0x00,0x40,0x40,
    0x00,0x00,0x80,0x3F,0x0A,0xD7,0x23,0x3D,0x00,0x00,0x20,0x41,0x00,0x00,0x00,0x40,0x00,0x00,0x80,0x3F,0x00,0x00,0x00,0x00,0x40,0xD0,0x86,0x00,0x38,0xD0,0x86,0x00,
    0x28,0xD0,0x86,0x00,0x18,0xD0,0x86,0x00,0x10,0xD0,0x86,0x00,0x04,0xD0,0x86,0x00,0x00,0xD0,0x86,0x00,0xF8,0xCF,0x86,0x00,0xF0,0xCF,0x86,0x00,0xE8,0xCF,0x86,0x00,
    0xE0,0xCF,0x86,0x00,0xD8,0xCF,0x86,0x00,0xD0,0xCF,0x86,0x00,0xC8,0xCF,0x86,0x00,0xC0,0xCF,0x86,0x00,0xB8,0xCF,0x86,0x00,0xB0,0xCF,0x86,0x00,0xA8,0xCF,0x86,0x00,
    0xA0,0xCF,0x86,0x00,0x98,0xCF,0x86,0x00,0x8C,0xCF,0x86,0x00,0x88,0xCF,0x86,0x00,0x7C,0xCF,0x86,0x00,0x74,0xCF,0x86,0x00,0x68,0xCF,0x86,0x00,0x5C,0xCF,0x86,0x00,
    0x50,0xCF,0x86,0x00,0x44,0xCF,0x86,0x00,0x38,0xCF,0x86,0x00,0x2C,0xCF,0x86,0x00,0x20,0xCF,0x86,0x00,0x14,0xCF,0x86,
};
static const uint8 s_Init_8D243C[]{
    0x00,0x00,0x0C,0x43,
};
static const uint8 s_Init_8D2534[]{
    0xFF,0xFF,0xFF,0xFF,0x19,0x00,0x00,0x00,0x28,
};
static const uint8 s_Init_8D2BE0[]{
    0x00,0xC8,0x00,0x00,0x54,0x48,0x49,0x53,0x20,0x46,0x49,0x4C,0x45,0x20,0x49,0x53,0x20,0x4E,0x4F,0x54,0x20,0x56,0x41,0x4C,0x49,0x44,0x20,0x59,0x45,0x54,0x00,0x00,
    0x20,0x20,0x20,0x20,0x20,0x20,0x20,0x20,0x20,0x20,0x0D,0x20,0x20,0x20,0x20,0x20,0x20,0x20,0x20,0x20,0x20,0x20,0x20,0x20,0x20,0x20,0x20,0x20,0x20,0x20,0x20,0x20,
    0x20,0x21,0x22,0x23,0x24,0x25,0x26,0x27,0x28,0x29,0x2A,0x2B,0x2C,0x2D,0x2E,0x2F,0x30,0x31,0x32,0x33,0x34,0x35,0x36,0x37,0x38,0x39,0x3A,0x3B,0x3C,0x3D,0x3E,0x3F,
    0x40,0x41,0x42,0x43,0x44,0x45,0x46,0x47,0x48,0x49,0x4A,0x4B,0x4C,0x4D,0x4E,0x4F,0x50,0x51,0x52,0x53,0x54,0x55,0x56,0x57,0x58,0x59,0x5A,0x5B,0x5C,0x5D,0x5E,0x5F,
    0x60,0x61,0x62,0x63,0x64,0x65,0x66,0x67,0x68,0x69,0x6A,0x6B,0x6C,0x6D,0x6E,0x6F,0x70,0x71,0x72,0x73,0x74,0x75,0x76,0x77,0x78,0x79,0x7A,0x7B,0x7C,0x7D,0x7E,0x7F,
    0x1B,0xE9,0xEA,0xEB,0xEC,0xED,0xEE,0xEF,0xF0,0xF1,0xF2,0xF3,0xF4,0xF5,0x7F,0xF7,0xF8,0xF9,0xFA,0xFB,0xFC,0xFD,0xFE,0xF5,0x7F,0xF7,0xF8,0xF9,0xFA,0xFB,0xFC,0xFD,
    0xFE,0x09,0x2F,0x2A,0x2D,0x2B,0x0D,0x20,0x08,0x09,0x14,0x0D,0x20,0x20,0x20,0x20,0x20,0x20,0x20,0x20,0x20,0x20,0x20,0x20,0x20,0x20,0x20,0x20,0x20,0x20,0x20,0x20,
    0x20,0x20,0x20,0x20,0x20,0x20,0x20,0x20,0x20,0x20,0x20,0x20,0x20,0x20,0x20,0x20,0x20,0x20,0x20,0x20,0x20,0x20,0x20,0x20,0x20,0x20,0x20,0x20,0x20,0x20,0x20,0x20,
    0x20,0x20,0x20,0x20,0x20,0x20,0x20,0x20,0x20,0x20,0x20,0x20,0x20,0x20,0x20,0x20,0x20,0x20,0x20,0x20,0x20,0x20,0x20,0x20,0x20,0x20,0x20,0x20,0x20,0x20,0x20,0x20,
};
static const uint8 s_Init_8D2E34[]{
    0x01,0x00,0x00,0x00,0xFF,0xFF,0xFF,0xFF,0x2C,0x01,0x00,0x00,0x90,0x01,0x00,0x00,0xF4,0x01,0x00,0x00,0x02,0x00,0x00,0x00,0xD0,0x07,0x00,0x00,0x00,0x60,0x6A,0x47,
    0x00,0x00,0x00,0x40,0xF4,0x01,0x00,0x00,0xD0,0x07,0x00,0x00,0x92,0x0A,0x86,0x3E,0x8F,0xC2,0x75,0x3F,0x00,0x00,0x80,0x3F,0xEF,0xC9,0x13,0x3F,0x00,0x00,0x00,0x3F,
    0xFA,0x00,0x00,0x00,0xD0,0x07,0x00,0x00,0xE7,0x8C,0x88,0x3E,0x7F,0xD9,0xDD,0x3E,0x9A,0x99,0x99,0x3E,0xFA,0x00,0x00,0x00,0x00,0x00,0x00,0x40,0xFA,0x00,0x00,0x00,
    0xCD,0xCC,0xCC,0x3E,
};
static const uint8 s_Init_8D2EF4[]{
    0xF4,0x01,0x00,0x00,0x0A,0x00,0x00,0x00,0xCD,0xCC,0x4C,0xBD,0x00,0x00,0xC0,0x3F,0x00,0x00,0x80,0x40,0x00,0x00,0xC0,0x3E,0x00,0x00,0x00,0x3F,0x00,0x00,0x90,0x40,
    0x00,0x00,0x10,0x41,0x00,0x00,0xC0,0x40,0xCD,0xCC,0xCC,0xBE,0xCD,0xCC,0x8C,0xBF,0xCD,0xCC,0xCC,0xBE,0x9A,0x99,0x19,0x3E,0x00,0x00,0x80,0x3F,0x00,0x00,0x00,0x3F,
    0x33,0x33,0xB3,0x3F,0xCD,0xCC,0x4C,0x3F,0x9A,0x99,0x19,0x3F,0x9A,0x99,0x99,0x3E,0x00,0x00,0x00,0x3F,0x36,0x8D,0xA7,0x3F,0x0A,0xD7,0xA3,0x3C,0xCD,0xCC,0x4C,0xBD,
    0x66,0x66,0x66,0x3F,0xDB,0x0F,0x49,0x3F,0xCD,0xCC,0x4C,0xBE,0x0A,0xD7,0x23,0x3C,0x48,0xE1,0x7A,0x3F,0xCD,0xCC,0xCC,0x3D,0x0A,0xD7,0xA3,0x3D,0x00,0x00,0x00,0x00,
    0x00,0x00,0x00,0x00,0x00,0x00,0x80,0x3F,0x00,0x00,0x00,0x00,0xAA,0x27,0x9F,0x42,0x00,0x00,0x20,0x41,0xCD,0xCC,0x4C,0x3E,0xCD,0xCC,0x4C,0xBD,0x0A,0xD7,0xA3,0x3C,
    0xCD,0xCC,0x4C,0xBD,0xCD,0xCC,0x4C,0x3D,0x00,0x00,0xA0,0x40,0x00,0x00,0x30,0x41,0x00,0x00,0x80,0x40,0x33,0x33,0x33,0x3F,0xCD,0xCC,0x4C,0x3E,0x00,0x00,0x40,0x3F,
    0xCD,0xCC,0xCC,0x3E,0xCD,0xCC,0xCC,0x3D,0x9A,0x99,0x99,0x3E,0x00,0x00,0x70,0x41,0x00,0x00,0x0C,0xC2,0x00,0x00,0xA0,0x40,0x00,0x00,0x80,0x40,0x33,0x33,0x33,0x3F,
    0xCD,0xCC,0x4C,0x3E,0x00,0x00,0x80,0x3F,0x00,0x00,0x80,0x40,0x00,0x00,0x00,0x3F,0x00,0x00,0x00,0x3F,0x01,0x00,0x00,0x00,0xFF,0xFF,0xFF,0xFF,0x00,0x00,0x80,0x40,
    0x00,0x00,0x00,0x3F,0x88,0x13,
};
static const uint8 s_Init_8D32C8[]{
    0x00,0x00,0x80,0x3F,0x00,0x00,0x40,0x3F,0x66,0x66,0x66,0x3F,0x00,0x00,0x40,0x3F,0x33,0x33,0x73,0x3F,0x00,0x00,0x80,0x3F,0x33,0x33,0x73,0x3F,0xCD,0xCC,0xCC,0x3E,
    0x33,0x33,0x33,0x3F,0xCD,0xCC,0xCC,0x3E,0x66,0x66,0x66,0x3F,0x9A,0x99,0x99,0x3E,0x66,0x66,0x66,0x3F,0x00,0x00,0x80,0x3F,0x00,0x00,0x00,0x3F,0x00,0x00,0x80,0x3F,
    0x33,0x33,0x73,0x3F,0xCD,0xCC,0xCC,0x3E,0x33,0x33,0x73,0x3F,0xCD,0xCC,0x0C,0x3F,0x33,0x33,0x73,0x3F,0xCD,0xCC,0x0C,0x3F,0x00,0x00,0x40,0x3F,0xCD,0xCC,0x8C,0x3F,
    0x00,0x00,0x40,0x3F,0x9A,0x99,0x99,0x3E,0xCD,0xCC,0x4C,0x3F,0x9A,0x99,0x99,0x3E,0x66,0x66,0x26,0x3F,0x9A,0x99,0x59,0x3F,0x66,0x66,0x26,0x3F,0x9A,0x99,0x59,0x3F,
    0xCD,0xCC,0x8C,0x3F,0x9A,0x99,0x59,0x3F,0x66,0x66,0x26,0x3F,0x33,0x33,0x73,0x3F,0x66,0x66,0x26,0x3F,0x33,0x33,0x33,0x3F,0x66,0x66,0x66,0x3F,0x33,0x33,0x33,0x3F,
    0x33,0x33,0x73,0x3F,0x00,0x00,0x80,0x3F,0x33,0x33,0x73,0x3F,0x9A,0x99,0x19,0x3F,0x33,0x33,0x33,0x3F,0x9A,0x99,0x19,0x3F,0x00,0x00,0x60,0x40,0x00,0x00,0x00,0x40,
    0xCD,0xCC,0xCC,0x3D,0x01,0x00,0x00,0x00,0x0A,0xD7,0x83,0x3F,
};
static const uint8 s_Init_8D33A0[]{
    0xE1,0x7A,0xD4,0x3F,
};
static const uint8 s_Init_8D33A8[]{
    0x17,0xB7,0x51,0x39,0xCD,0xCC,0xCC,0x3D,0x01,0x00,0x00,0x00,0xCD,0xCC,0x4C,0xBD,0xCD,0xCC,0x4C,0x3D,0x01,0x00,0x00,0x00,0x52,0x49,0x1D,0x39,0x88,0x13,0x00,0x00,
    0xB8,0x0B,0x00,0x00,0xCD,0xCC,0x4C,0x3D,0xEC,0x51,0x38,0x3E,0x7B,0x14,0xAE,0x3E,0x0A,0xD7,0x23,0x3C,0x00,0x00,0xC8,0x41,0x00,0x00,0x40,0x3F,0x00,0x00,0xFA,0x43,
    0x00,0x40,0x1C,0x46,0x00,0x40,0x9C,0x45,0x00,0x00,0x00,0x00,0x66,0x66,0xE6,0x3E,0x00,0x00,0x00,0x00,0x8F,0xC2,0xF5,0x3C,0x48,0xE1,0x7A,0x3F,0x66,0x66,0xA6,0x3F,
    0xCD,0xCC,0xCC,0x3D,0xCD,0xCC,0xCC,0x3D,0x66,0x66,0x66,0x3F,0x9A,0x99,0x99,0x3E,0x00,0x00,0x00,0x40,0x00,0x00,0x80,0x3E,0x00,0x00,0x20,0x41,0x6F,0x12,0x03,0x3B,
    0xCD,0xCC,0x4C,0x3D,0x00,0x00,0x20,0x41,0x6F,0x12,0x03,0x3B,0xCD,0xCC,0x4C,0x3D,0x00,0x00,0x20,0x41,0x6F,0x12,0x03,0x3B,0xCD,0xCC,0x4C,0x3D,0xCD,0xCC,0x4C,0x3E,
    0xC4,0x09,0x00,0x00,0xCD,0xCC,0x4C,0x3F,0x01,0x00,0x00,0x00,0xCD,0xCC,0xCC,0xBE,0x52,0xB8,0x7E,0x3F,0x52,0xB8,0x7E,0x3F,0x00,0x00,0x80,0x3F,0x00,0x00,0xC0,0x3F,
    0xCD,0xCC,0xCC,0x3D,0x66,0x66,0x66,0x3F,0xCD,0xCC,0xCC,0x3E,0x00,0x00,0x80,0x3F,0xCD,0xCC,0xCC,0x3D,0x9A,0x99,0x59,0x3F,0x9A,0x99,0x99,0x3F,0x00,0x00,0x00,0x40,
    0x00,0x00,0x40,0x3F,0x00,0x00,0x00,0x3F,0x00,0x00,0x00,0x3F,0xCD,0xCC,0x4C,0x3D,0x00,0x00,0x80,0x3F,0x00,0x00,0x20,0x41,0x33,0x33,0x73,0x3F,0x33,0x33,0x33,0x3F,
    0x00,0x00,0x20,0x40,
};
static const uint8 s_Init_8D34B4[]{
    0xB8,0x1E,0x05,0x3E,0x9A,0x99,0x99,0x3E,0x66,0x66,0x66,0x3F,0x9A,0x99,0x99,0x3E,0xCD,0xCC,0x4C,0x3E,0xCD,0xCC,0x4C,0x3D,0x8F,0xC2,0xF5,0x3D,0x00,0x00,0x00,0x40,
    0xA6,0x9B,0xC4,0x3B,0x00,0x00,0x80,0x3E,0x64,0x3B,0x7F,0x3F,0x00,0x00,0x90,0x40,0x00,0x00,0x40,0x3F,0x00,0x00,0x80,0x3E,
};
static const uint8 s_Init_8D3510[]{
    0xCD,0xCC,0xCC,0x3E,0x3D,0x00,0x00,0x00,0x44,0x00,0x00,0x00,0x45,0x00,0x00,0x00,0x4E,0x00,0x00,0x00,0x51,0x00,0x00,0x00,0x52,0x00,0x00,0x00,0x53,0x00,0x00,0x00,
    0x54,0x00,0x00,0x00,0x3E,0x00,0x00,0x00,0x46,0x00,0x00,0x00,0x47,0x00,0x00,0x00,0x4F,0x00,0x00,0x00,0x3E,0x00,0x00,0x00,0x57,0x00,0x00,0x00,0x58,0x00,0x00,0x00,
    0x4F,0x00,0x00,0x00,0x3C,0x00,0x00,0x00,0x42,0x00,0x00,0x00,0x43,0x00,0x00,0x00,0x4E,0x00,0x00,0x00,0x3C,0x00,0x00,0x00,0x55,0x00,0x00,0x00,0x56,0x00,0x00,0x00,
    0x4E,0x00,0x00,0x00,0x3F,0x00,0x00,0x00,0x48,0x00,0x00,0x00,0x49,0x00,0x00,0x00,0x50,0x00,0x00,0x00,0x3F,0x00,0x00,0x00,0x59,0x00,0x00,0x00,0x5A,0x00,0x00,0x00,
    0x50,0x00,0x00,0x00,0x5B,0x00,0x00,0x00,0x5C,0x00,0x00,0x00,0x5D,0x00,0x00,0x00,0x5E,0x00,0x00,0x00,0x5F,0x00,0x00,0x00,0x60,0x00,0x00,0x00,0x61,0x00,0x00,0x00,
    0x62,0x00,0x00,0x00,0xCD,0xCC,0x4C,0x3F,0xCD,0xCC,0x4C,0x3D,0xCD,0xCC,0x4C,0x3D,0xCD,0xCC,0xCC,0x3D,0x00,0x00,0x00,0x40,0xCD,0xCC,0xCC,0xBD,0x0A,0xD7,0xA3,0xBC,
    0x8F,0xC2,0xF5,0xBC,0x00,0x00,0x00,0x00,0xB8,0x1E,0x8D,0x40,0x5C,0x8F,0xA2,0xBF,0x00,0x00,0x00,0x00,0x66,0x66,0x36,0x40,0x00,0x00,0x00,0xBF,0x00,0x00,0x00,0x00,
    0x66,0x66,0x36,0x40,0x00,0x00,0x00,0xBF,0x00,0x00,0x00,0xBF,0x9A,0x99,0x19,0x40,0xC3,0xF5,0x48,0xBF,0x00,0x00,0x00,0x00,0x0A,0xD7,0xDB,0x40,0x33,0x33,0xD3,0xBF,
    0xF6,0x28,0x0C,0x40,0x00,0x00,0xC0,0x3F,0xE1,0x7A,0x14,0xBF,0xCD,0xCC,0x4C,0x3E,0x00,0x00,0x00,0x00,0x00,0x00,0x00,0x00,0xA4,0x70,0xBD,0x3F,0xAE,0x47,0xE1,0x3E,
    0xB8,0x1E,0x05,0xBF,0x00,0x00,0x00,0x00,0x66,0x66,0xE6,0x3E,0x00,0x00,0x00,0x00,0x48,0xE1,0x0A,0x40,0x00,0x00,0x80,0x3F,0xCD,0xCC,0x4C,0xBF,0xF6,0x28,0x0C,0x40,
    0x00,0x00,0xC0,0x3F,0xE1,0x7A,0x14,0xBF,0xCD,0xCC,0x6C,0x40,0x48,0xE1,0x7A,0x3F,0x5C,0x8F,0x82,0xBF,0x48,0xE1,0x7A,0x40,0x48,0xE1,0x7A,0x3F,0x5C,0x8F,0x82,0xBF,
    0x00,0x00,0x00,0x3F,0x9A,0x99,0x59,0x3F,0x00,0x00,0x80,0x3E,0x00,0x00,0x00,0x3F,0x00,0x00,0x20,0x40,0xCD,0xCC,0xCC,0x3E,0xCD,0xCC,0x4C,0x3E,0xCD,0xCC,0xCC,0x3D,
    0x0A,0xD7,0xA3,0x3C,0x0A,0xD7,0xA3,0x3C,0x4C,0xD6,0x8C,0x00,0x01,0x14,0x00,0x00,0x00,0x00,0x80,0x40,0x00,0x00,0x20,0x41,0x00,0x00,0x00,0x3F,0x00,0x00,0x40,0x40,
    0x00,0x00,0x80,0x3F,0x00,0x00,0x60,0x40,0xCD,0xCC,0xCC,0x3D,0x0A,0xD7,0xA3,0x3B,0x00,0x00,0x00,0x41,0x54,0xD6,0x8C,0x00,0x01,0x14,0x00,0x00,0x00,0x00,0x80,0x40,
    0x00,0x00,0x20,0x41,0x00,0x00,0x00,0x3F,0x00,0x00,0x40,0x40,0x00,0x00,0x80,0x3F,0x00,0x00,0x60,0x40,0xCD,0xCC,0xCC,0x3D,0x0A,0xD7,0xA3,0x3B,0x00,0x00,0x00,0x41,
    0x5C,0xD6,0x8C,0x00,0x01,0x14,0x00,0x00,0x00,0x00,0x80,0x40,0x00,0x00,0x20,0x41,0x00,0x00,0x00,0x3F,0x00,0x00,0x40,0x40,0x00,0x00,0x80,0x3F,0x00,0x00,0x60,0x40,
    0xCD,0xCC,0xCC,0x3D,0x0A,0xD7,0xA3,0x3B,0x00,0x00,0x00,0x41,0x44,0xD6,0x8C,0x00,0x0A,0x19,0x00,0x00,0x00,0x00,0x00,0x00,0x00,0x00,0xA0,0x41,0x00,0x00,0x00,0x3F,
    0x00,0x00,0xA0,0x40,0x00,0x00,0x00,0x00,0x00,0x00,0x00,0x00,0x00,0x00,0x00,0x00,0x00,0x00,0x00,0x00,0x00,0x00,0x00,0x00,0x48,0xD6,0x8C,0x00,0x0A,0x19,0x00,0x00,
    0x00,0x00,0x00,0x00,0x00,0x00,0xA0,0x41,0x00,0x00,0x00,0x3F,0x00,0x00,0xA0,0x40,0x00,0x00,0x00,0x00,0x00,0x00,0x00,0x00,0x00,0x00,0x00,0x00,0x00,0x00,0x00,0x00,
    0x00,0x00,0x00,0x00,0x64,0xD6,0x8C,0x00,0x01,0x02,0x00,0x00,0x00,0x00,0xC0,0x40,0x00,0x00,0xA0,0x41,0x00,0x00,0x40,0x40,0x00,0x00,0xC0,0x40,0x00,0x00,0x00,0x40,
    0x00,0x00,0xA0,0x40,0x29,0x5C,0x8F,0x3D,0x0A,0xD7,0xA3,0x3B,0x00,0x00,0x40,0x41,0x68,0xD6,0x8C,0x00,0x01,0x01,0x00,0x00,0x00,0x00,0x00,0x41,0x00,0x00,0xF0,0x41,
    0x00,0x00,0x00,0x41,0x00,0x00,0x20,0x41,0x00,0x00,0x80,0x40,0x00,0x00,0xE0,0x40,0xCD,0xCC,0x4C,0x3D,0x0A,0xD7,0xA3,0x3B,0x00,0x00,0xA0,0x41,
};
static const uint8 s_Init_8D37D4[]{
    0x01,
};
static const uint8 s_Init_8D37E0[]{
    0x1A,0x00,0x00,0x00,0x00,0x00,0x40,0x41,0xFF,0xFF,0xFF,0x05,0xFF,0xFF,0xFF,0x28,0x0A,0xD7,0x23,0x3D,0x01,0x00,0x00,0x00,0x00,0x00,0x00,0x3F,0x8F,0xC2,0xF5,0x3C,
    0x00,0x00,0x00,0x3F,0xCD,0xCC,0xCC,0x3D,0xA0,0x00,0x00,0x00,0x5A,
};
static const uint8 s_Init_8D3824[]{
    0x00,0x00,0x00,0x3F,0x00,0x00,0x00,0x3F,0x00,0x00,0x00,0x3F,0x00,0x00,0x00,0x3F,0xCD,0xCC,0xCC,0x3D,0x01,0x00,0x00,0x00,0x00,0x00,0xA0,0x40,0x64,0x00,0x00,0x00,
    0x00,0x00,0x00,0x00,0x9A,0x99,0x99,0x3E,0x8F,0xC2,0xF5,0x3D,0x52,0xB8,0x5E,0x3F,0x14,0xAE,0xC7,0x3E,0x3D,0x0A,0x57,0x3F,0x1F,0x85,0x6B,0x3E,0x8F,0xC2,0xF5,0x3C,
    0xD7,0xA3,0x70,0x3F,0x7B,0x14,0xAE,0x3E,0x5C,0x8F,0x42,0x3F,0xCD,0xCC,0x0C,0x3F,0x1F,0x85,0x6B,0x3F,0x71,0x3D,0x8A,0x3E,0x66,0x66,0xE6,0x3E,0x1F,0x85,0x6B,0x3F,
    0x00,0x00,0x00,0x3F,0x5C,0x8F,0x42,0x3F,0x48,0xE1,0xFA,0x3E,0x8F,0xC2,0xF5,0x3D,0x66,0x66,0x26,0x3F,0xAE,0x47,0xE1,0x3E,0x52,0xB8,0x5E,0x3F,0xB8,0x1E,0x45,0x3F,
    0xF6,0x28,0xDC,0x3E,0x8F,0xC2,0xF5,0x3D,0x8F,0xC2,0x75,0x3D,0x52,0xB8,0x5E,0x3F,0xF6,0x28,0xDC,0x3E,0xCD,0xCC,0x0C,0x3F,0xC3,0xF5,0x28,0x3F,0x7B,0x14,0xAE,0x3E,
    0x00,0x00,0x00,0x00,0x00,0x00,0x80,0x3F,0x9A,0x99,0x59,0x3F,0x48,0xE1,0x3A,0x3F,0xB8,0x1E,0x45,0x3F,0x00,0x00,0x40,0x3F,0xCD,0xCC,0x4C,0x3F,0x48,0xE1,0x3A,0x3F,
    0xCD,0xCC,0x4C,0x3F,0x00,0x00,0x40,0x3F,0x66,0x66,0x66,0x3F,0x33,0x33,0x73,0x3F,0x85,0xEB,0x51,0x3F,0x33,0x33,0x33,0x3F,0x00,0x00,0x40,0x3F,0x66,0x66,0x66,0x3F,
    0x00,0x00,0x80,0x3F,0xE6,0x00,0x00,0x00,0xCD,0xCC,0xCC,0x3E,0x00,0x00,0x80,0x3F,0xCD,0xCC,0x4C,0x3E,0x00,0x00,0x80,0x3F,0xCD,0xCC,0xCC,0x3E,0x71,0x3D,0x8A,0x3E,
    0x66,0x66,0x26,0x3F,0x0A,0xD7,0x23,0x3C,0x0A,0xD7,0x23,0x3D,0x01,
};
static const uint8 s_Init_8D394C[]{
    0x9A,0x99,0x19,0x3F,0x00,0x00,0x00,0x3F,0x33,0x33,0x73,0x3F,0xCD,0xCC,0xCC,0x3D,0xCD,0xCC,0xCC,0x3D,0x48,0xE1,0x7A,0x3F,0x0A,0xD7,0xA3,0x3C,0xCD,0xCC,0xCC,0x3D,
    0x00,0x00,0x00,0x00,0x64,0xA9,0x86,0x00,0x00,0x00,0x00,0x00,0x4C,0x41,0x4E,0x44,0x53,0x54,0x41,0x4C,0x00,0x00,0x00,0x00,0x00,0x00,0x42,0x52,0x41,0x56,0x55,0x52,
    0x41,0x00,0x00,0x00,0x00,0x00,0x00,0x00,0x42,0x55,0x46,0x46,0x41,0x4C,0x4F,0x00,0x00,0x00,0x00,0x00,0x00,0x00,0x4C,0x49,0x4E,0x45,0x52,0x55,0x4E,0x00,0x00,0x00,
    0x00,0x00,0x00,0x00,0x50,0x45,0x52,0x45,0x4E,0x00,0x00,0x00,0x00,0x00,0x00,0x00,0x00,0x00,0x53,0x45,0x4E,0x54,0x49,0x4E,0x45,0x4C,0x00,0x00,0x00,0x00,0x00,0x00,
    0x44,0x55,0x4D,0x50,0x45,0x52,0x00,0x00,0x00,0x00,0x00,0x00,0x00,0x00,0x46,0x49,0x52,0x45,0x54,0x52,0x55,0x4B,0x00,0x00,0x00,0x00,0x00,0x00,0x54,0x52,0x41,0x53,
    0x48,0x00,0x00,0x00,0x00,0x00,0x00,0x00,0x00,0x00,0x53,0x54,0x52,0x45,0x54,0x43,0x48,0x00,0x00,0x00,0x00,0x00,0x00,0x00,0x4D,0x41,0x4E,0x41,0x4E,0x41,0x00,0x00,
    0x00,0x00,0x00,0x00,0x00,0x00,0x49,0x4E,0x46,0x45,0x52,0x4E,0x55,0x53,0x00,0x00,0x00,0x00,0x00,0x00,0x56,0x4F,0x4F,0x44,0x4F,0x4F,0x00,0x00,0x00,0x00,0x00,0x00,
    0x00,0x00,0x50,0x4F,0x4E,0x59,0x00,0x00,0x00,0x00,0x00,0x00,0x00,0x00,0x00,0x00,0x4D,0x55,0x4C,0x45,0x00,0x00,0x00,0x00,0x00,0x00,0x00,0x00,0x00,0x00,0x43,0x48,
    0x45,0x45,0x54,0x41,0x48,0x00,0x00,0x00,0x00,0x00,0x00,0x00,0x41,0x4D,0x42,0x55,0x4C,0x41,0x4E,0x00,0x00,0x00,0x00,0x00,0x00,0x00,0x4D,0x4F,0x4F,0x4E,0x42,0x45,
    0x41,0x4D,0x00,0x00,0x00,0x00,0x00,0x00,0x45,0x53,0x50,0x45,0x52,0x41,0x4E,0x54,0x00,0x00,0x00,0x00,0x00,0x00,0x54,0x41,0x58,0x49,0x00,0x00,0x00,0x00,0x00,0x00,
    0x00,0x00,0x00,0x00,0x57,0x41,0x53,0x48,0x49,0x4E,0x47,0x00,0x00,0x00,0x00,0x00,0x00,0x00,0x42,0x4F,0x42,0x43,0x41,0x54,0x00,0x00,0x00,0x00,0x00,0x00,0x00,0x00,
    0x4D,0x52,0x57,0x48,0x4F,0x4F,0x50,0x00,0x00,0x00,0x00,0x00,0x00,0x00,0x42,0x46,0x49,0x4E,0x4A,0x45,0x43,0x54,0x00,0x00,0x00,0x00,0x00,0x00,0x50,0x52,0x45,0x4D,
    0x49,0x45,0x52,0x00,0x00,0x00,0x00,0x00,0x00,0x00,0x45,0x4E,0x46,0x4F,0x52,0x43,0x45,0x52,0x00,0x00,0x00,0x00,0x00,0x00,0x53,0x45,0x43,0x55,0x52,0x49,0x43,0x41,
    0x00,0x00,0x00,0x00,0x00,0x00,0x42,0x41,0x4E,0x53,0x48,0x45,0x45,0x00,0x00,0x00,0x00,0x00,0x00,0x00,0x42,0x55,0x53,0x00,0x00,0x00,0x00,0x00,0x00,0x00,0x00,0x00,
    0x00,0x00,0x52,0x48,0x49,0x4E,0x4F,0x00,0x00,0x00,0x00,0x00,0x00,0x00,0x00,0x00,0x42,0x41,0x52,0x52,0x41,0x43,0x4B,0x53,0x00,0x00,0x00,0x00,0x00,0x00,0x48,0x4F,
    0x54,0x4B,0x4E,0x49,0x46,0x45,0x00,0x00,0x00,0x00,0x00,0x00,0x41,0x52,0x54,0x49,0x43,0x54,0x31,0x00,0x00,0x00,0x00,0x00,0x00,0x00,0x50,0x52,0x45,0x56,0x49,0x4F,
    0x4E,0x00,0x00,0x00,0x00,0x00,0x00,0x00,0x43,0x4F,0x41,0x43,0x48,0x00,0x00,0x00,0x00,0x00,0x00,0x00,0x00,0x00,0x43,0x41,0x42,0x42,0x49,0x45,0x00,0x00,0x00,0x00,
    0x00,0x00,0x00,0x00,0x53,0x54,0x41,0x4C,0x4C,0x49,0x4F,0x4E,0x00,0x00,0x00,0x00,0x00,0x00,0x52,0x55,0x4D,0x50,0x4F,0x00,0x00,0x00,0x00,0x00,0x00,0x00,0x00,0x00,
    0x52,0x43,0x42,0x41,0x4E,0x44,0x49,0x54,0x00,0x00,0x00,0x00,0x00,0x00,0x52,0x4F,0x4D,0x45,0x52,0x4F,0x00,0x00,0x00,0x00,0x00,0x00,0x00,0x00,0x50,0x41,0x43,0x4B,
    0x45,0x52,0x00,0x00,0x00,0x00,0x00,0x00,0x00,0x00,0x4D,0x4F,0x4E,0x53,0x54,0x45,0x52,0x00,0x00,0x00,0x00,0x00,0x00,0x00,0x41,0x44,0x4D,0x49,0x52,0x41,0x4C,0x00,
    0x00,0x00,0x00,0x00,0x00,0x00,0x54,0x52,0x41,0x4D,0x00,0x00,0x00,0x00,0x00,0x00,0x00,0x00,0x00,0x00,0x41,0x49,0x52,0x54,0x52,0x41,0x49,0x4E,0x00,0x00,0x00,0x00,
    0x00,0x00,0x41,0x52,0x54,0x49,0x43,0x54,0x32,0x00,0x00,0x00,0x00,0x00,0x00,0x00,0x54,0x55,0x52,0x49,0x53,0x4D,0x4F,0x00,0x00,0x00,0x00,0x00,0x00,0x00,0x46,0x4C,
    0x41,0x54,0x42,0x45,0x44,0x00,0x00,0x00,0x00,0x00,0x00,0x00,0x59,0x41,0x4E,0x4B,0x45,0x45,0x00,0x00,0x00,0x00,0x00,0x00,0x00,0x00,0x47,0x4F,0x4C,0x46,0x43,0x41,
    0x52,0x54,0x00,0x00,0x00,0x00,0x00,0x00,0x53,0x4F,0x4C,0x41,0x49,0x52,0x00,0x00,0x00,0x00,0x00,0x00,0x00,0x00,0x54,0x4F,0x50,0x46,0x55,0x4E,0x00,0x00,0x00,0x00,
    0x00,0x00,0x00,0x00,0x47,0x4C,0x45,0x4E,0x44,0x41,0x4C,0x45,0x00,0x00,0x00,0x00,0x00,0x00,0x4F,0x43,0x45,0x41,0x4E,0x49,0x43,0x00,0x00,0x00,0x00,0x00,0x00,0x00,
    0x50,0x41,0x54,0x52,0x49,0x4F,0x54,0x00,0x00,0x00,0x00,0x00,0x00,0x00,0x48,0x45,0x52,0x4D,0x45,0x53,0x00,0x00,0x00,0x00,0x00,0x00,0x00,0x00,0x53,0x41,0x42,0x52,
    0x45,0x00,0x00,0x00,0x00,0x00,0x00,0x00,0x00,0x00,0x5A,0x52,0x33,0x35,0x30,0x00,0x00,0x00,0x00,0x00,0x00,0x00,0x00,0x00,0x57,0x41,0x4C,0x54,0x4F,0x4E,0x00,0x00,
    0x00,0x00,0x00,0x00,0x00,0x00,0x52,0x45,0x47,0x49,0x4E,0x41,0x00,0x00,0x00,0x00,0x00,0x00,0x00,0x00,0x43,0x4F,0x4D,0x45,0x54,0x00,0x00,0x00,0x00,0x00,0x00,0x00,
    0x00,0x00,0x42,0x55,0x52,0x52,0x49,0x54,0x4F,0x00,0x00,0x00,0x00,0x00,0x00,0x00,0x43,0x41,0x4D,0x50,0x45,0x52,0x00,0x00,0x00,0x00,0x00,0x00,0x00,0x00,0x42,0x41,
    0x47,0x47,0x41,0x47,0x45,0x00,0x00,0x00,0x00,0x00,0x00,0x00,0x44,0x4F,0x5A,0x45,0x52,0x00,0x00,0x00,0x00,0x00,0x00,0x00,0x00,0x00,0x52,0x41,0x4E,0x43,0x48,0x45,
    0x52,0x00,0x00,0x00,0x00,0x00,0x00,0x00,0x46,0x42,0x49,0x52,0x41,0x4E,0x43,0x48,0x00,0x00,0x00,0x00,0x00,0x00,0x56,0x49,0x52,0x47,0x4F,0x00,0x00,0x00,0x00,0x00,
    0x00,0x00,0x00,0x00,0x47,0x52,0x45,0x45,0x4E,0x57,0x4F,0x4F,0x00,0x00,0x00,0x00,0x00,0x00,0x48,0x4F,0x54,0x52,0x49,0x4E,0x47,0x00,0x00,0x00,0x00,0x00,0x00,0x00,
    0x53,0x41,0x4E,0x44,0x4B,0x49,0x4E,0x47,0x00,0x00,0x00,0x00,0x00,0x00,0x42,0x4C,0x49,0x53,0x54,0x41,0x43,0x00,0x00,0x00,0x00,0x00,0x00,0x00,0x42,0x4F,0x58,0x56,
    0x49,0x4C,0x4C,0x45,0x00,0x00,0x00,0x00,0x00,0x00,0x42,0x45,0x4E,0x53,0x4F,0x4E,0x00,0x00,0x00,0x00,0x00,0x00,0x00,0x00,0x4D,0x45,0x53,0x41,0x00,0x00,0x00,0x00,
    0x00,0x00,0x00,0x00,0x00,0x00,0x42,0x4C,0x4F,0x4F,0x44,0x52,0x41,0x00,0x00,0x00,0x00,0x00,0x00,0x00,0x42,0x4C,0x4F,0x4F,0x44,0x52,0x42,0x00,0x00,0x00,0x00,0x00,
    0x00,0x00,0x53,0x55,0x50,0x45,0x52,0x47,0x54,0x00,0x00,0x00,0x00,0x00,0x00,0x00,0x45,0x4C,0x45,0x47,0x41,0x4E,0x54,0x00,0x00,0x00,0x00,0x00,0x00,0x00,0x4A,0x4F,
    0x55,0x52,0x4E,0x45,0x59,0x00,0x00,0x00,0x00,0x00,0x00,0x00,0x50,0x45,0x54,0x52,0x4F,0x4C,0x00,0x00,0x00,0x00,0x00,0x00,0x00,0x00,0x52,0x44,0x54,0x52,0x41,0x49,
    0x4E,0x00,0x00,0x00,0x00,0x00,0x00,0x00,0x4E,0x45,0x42,0x55,0x4C,0x41,0x00,0x00,0x00,0x00,0x00,0x00,0x00,0x00,0x4D,0x41,0x4A,0x45,0x53,0x54,0x49,0x43,0x00,0x00,
    0x00,0x00,0x00,0x00,0x42,0x55,0x43,0x43,0x41,0x4E,0x45,0x45,0x00,0x00,0x00,0x00,0x00,0x00,0x43,0x45,0x4D,0x45,0x4E,0x54,0x00,0x00,0x00,0x00,0x00,0x00,0x00,0x00,
    0x54,0x4F,0x57,0x54,0x52,0x55,0x43,0x4B,0x00,0x00,0x00,0x00,0x00,0x00,0x46,0x4F,0x52,0x54,0x55,0x4E,0x45,0x00,0x00,0x00,0x00,0x00,0x00,0x00,0x43,0x41,0x44,0x52,
    0x4F,0x4E,0x41,0x00,0x00,0x00,0x00,0x00,0x00,0x00,0x46,0x42,0x49,0x54,0x52,0x55,0x43,0x4B,0x00,0x00,0x00,0x00,0x00,0x00,0x57,0x49,0x4C,0x4C,0x41,0x52,0x44,0x00,
    0x00,0x00,0x00,0x00,0x00,0x00,0x46,0x4F,0x52,0x4B,0x4C,0x49,0x46,0x54,0x00,0x00,0x00,0x00,0x00,0x00,0x54,0x52,0x41,0x43,0x54,0x4F,0x52,0x00,0x00,0x00,0x00,0x00,
    0x00,0x00,0x43,0x4F,0x4D,0x42,0x49,0x4E,0x45,0x00,0x00,0x00,0x00,0x00,0x00,0x00,0x46,0x45,0x4C,0x54,0x5A,0x45,0x52,0x00,0x00,0x00,0x00,0x00,0x00,0x00,0x52,0x45,
    0x4D,0x49,0x4E,0x47,0x54,0x4E,0x00,0x00,0x00,0x00,0x00,0x00,0x53,0x4C,0x41,0x4D,0x56,0x41,0x4E,0x00,0x00,0x00,0x00,0x00,0x00,0x00,0x42,0x4C,0x41,0x44,0x45,0x00,
    0x00,0x00,0x00,0x00,0x00,0x00,0x00,0x00,0x46,0x52,0x45,0x49,0x47,0x48,0x54,0x00,0x00,0x00,0x00,0x00,0x00,0x00,0x53,0x54,0x52,0x45,0x41,0x4B,0x00,0x00,0x00,0x00,
    0x00,0x00,0x00,0x00,0x56,0x49,0x4E,0x43,0x45,0x4E,0x54,0x00,0x00,0x00,0x00,0x00,0x00,0x00,0x42,0x55,0x4C,0x4C,0x45,0x54,0x00,0x00,0x00,0x00,0x00,0x00,0x00,0x00,
    0x43,0x4C,0x4F,0x56,0x45,0x52,0x00,0x00,0x00,0x00,0x00,0x00,0x00,0x00,0x53,0x41,0x44,0x4C,0x45,0x52,0x00,0x00,0x00,0x00,0x00,0x00,0x00,0x00,0x52,0x41,0x4E,0x47,
    0x45,0x52,0x00,0x00,0x00,0x00,0x00,0x00,0x00,0x00,0x48,0x55,0x53,0x54,0x4C,0x45,0x52,0x00,0x00,0x00,0x00,0x00,0x00,0x00,0x49,0x4E,0x54,0x52,0x55,0x44,0x45,0x52,
    0x00,0x00,0x00,0x00,0x00,0x00,0x50,0x52,0x49,0x4D,0x4F,0x00,0x00,0x00,0x00,0x00,0x00,0x00,0x00,0x00,0x54,0x41,0x4D,0x50,0x41,0x00,0x00,0x00,0x00,0x00,0x00,0x00,
    0x00,0x00,0x53,0x55,0x4E,0x52,0x49,0x53,0x45,0x00,0x00,0x00,0x00,0x00,0x00,0x00,0x4D,0x45,0x52,0x49,0x54,0x00,0x00,0x00,0x00,0x00,0x00,0x00,0x00,0x00,0x55,0x54,
    0x49,0x4C,0x49,0x54,0x59,0x00,0x00,0x00,0x00,0x00,0x00,0x00,0x59,0x4F,0x53,0x45,0x4D,0x49,0x54,0x45,0x00,0x00,0x00,0x00,0x00,0x00,0x57,0x49,0x4E,0x44,0x53,0x4F,
    0x52,0x00,0x00,0x00,0x00,0x00,0x00,0x00,0x4D,0x54,0x52,0x55,0x43,0x4B,0x5F,0x41,0x00,0x00,0x00,0x00,0x00,0x00,0x4D,0x54,0x52,0x55,0x43,0x4B,0x5F,0x42,0x00,0x00,
    0x00,0x00,0x00,0x00,0x55,0x52,0x41,0x4E,0x55,0x53,0x00,0x00,0x00,0x00,0x00,0x00,0x00,0x00,0x4A,0x45,0x53,0x54,0x45,0x52,0x00,0x00,0x00,0x00,0x00,0x00,0x00,0x00,
    0x53,0x55,0x4C,0x54,0x41,0x4E,0x00,0x00,0x00,0x00,0x00,0x00,0x00,0x00,0x53,0x54,0x52,0x41,0x54,0x55,0x4D,0x00,0x00,0x00,0x00,0x00,0x00,0x00,0x45,0x4C,0x45,0x47,
    0x59,0x00,0x00,0x00,0x00,0x00,0x00,0x00,0x00,0x00,0x52,0x43,0x54,0x49,0x47,0x45,0x52,0x00,0x00,0x00,0x00,0x00,0x00,0x00,0x46,0x4C,0x41,0x53,0x48,0x00,0x00,0x00,
    0x00,0x00,0x00,0x00,0x00,0x00,0x54,0x41,0x48,0x4F,0x4D,0x41,0x00,0x00,0x00,0x00,0x00,0x00,0x00,0x00,0x53,0x41,0x56,0x41,0x4E,0x4E,0x41,0x00,0x00,0x00,0x00,0x00,
    0x00,0x00,0x42,0x41,0x4E,0x44,0x49,0x54,0x4F,0x00,0x00,0x00,0x00,0x00,0x00,0x00,0x46,0x52,0x45,0x49,0x46,0x4C,0x41,0x54,0x00,0x00,0x00,0x00,0x00,0x00,0x43,0x53,
    0x54,0x52,0x45,0x41,0x4B,0x00,0x00,0x00,0x00,0x00,0x00,0x00,0x4B,0x41,0x52,0x54,0x00,0x00,0x00,0x00,0x00,0x00,0x00,0x00,0x00,0x00,0x4D,0x4F,0x57,0x45,0x52,0x00,
    0x00,0x00,0x00,0x00,0x00,0x00,0x00,0x00,0x44,0x55,0x4E,0x45,0x00,0x00,0x00,0x00,0x00,0x00,0x00,0x00,0x00,0x00,0x53,0x57,0x45,0x45,0x50,0x45,0x52,0x00,0x00,0x00,
    0x00,0x00,0x00,0x00,0x42,0x52,0x4F,0x41,0x44,0x57,0x41,0x59,0x00,0x00,0x00,0x00,0x00,0x00,0x54,0x4F,0x52,0x4E,0x41,0x44,0x4F,0x00,0x00,0x00,0x00,0x00,0x00,0x00,
    0x44,0x46,0x54,0x33,0x30,0x00,0x00,0x00,0x00,0x00,0x00,0x00,0x00,0x00,0x48,0x55,0x4E,0x54,0x4C,0x45,0x59,0x00,0x00,0x00,0x00,0x00,0x00,0x00,0x53,0x54,0x41,0x46,
    0x46,0x4F,0x52,0x44,0x00,0x00,0x00,0x00,0x00,0x00,0x4E,0x45,0x57,0x53,0x56,0x41,0x4E,0x00,0x00,0x00,0x00,0x00,0x00,0x00,0x54,0x55,0x47,0x00,0x00,0x00,0x00,0x00,
    0x00,0x00,0x00,0x00,0x00,0x00,0x50,0x45,0x54,0x52,0x4F,0x54,0x52,0x00,0x00,0x00,0x00,0x00,0x00,0x00,0x45,0x4D,0x50,0x45,0x52,0x4F,0x52,0x00,0x00,0x00,0x00,0x00,
    0x00,0x00,0x46,0x4C,0x4F,0x41,0x54,0x00,0x00,0x00,0x00,0x00,0x00,0x00,0x00,0x00,0x45,0x55,0x52,0x4F,0x53,0x00,0x00,0x00,0x00,0x00,0x00,0x00,0x00,0x00,0x48,0x4F,
    0x54,0x44,0x4F,0x47,0x00,0x00,0x00,0x00,0x00,0x00,0x00,0x00,0x43,0x4C,0x55,0x42,0x00,0x00,0x00,0x00,0x00,0x00,0x00,0x00,0x00,0x00,0x41,0x52,0x54,0x49,0x43,0x54,
    0x33,0x00,0x00,0x00,0x00,0x00,0x00,0x00,0x52,0x43,0x43,0x41,0x4D,0x00,0x00,0x00,0x00,0x00,0x00,0x00,0x00,0x00,0x50,0x4F,0x4C,0x49,0x43,0x45,0x5F,0x4C,0x41,0x00,
    0x00,0x00,0x00,0x00,0x50,0x4F,0x4C,0x49,0x43,0x45,0x5F,0x53,0x46,0x00,0x00,0x00,0x00,0x00,0x50,0x4F,0x4C,0x49,0x43,0x45,0x5F,0x56,0x47,0x00,0x00,0x00,0x00,0x00,
    0x50,0x4F,0x4C,0x52,0x41,0x4E,0x47,0x45,0x52,0x00,0x00,0x00,0x00,0x00,0x50,0x49,0x43,0x41,0x44,0x4F,0x52,0x00,0x00,0x00,0x00,0x00,0x00,0x00,0x53,0x57,0x41,0x54,
    0x56,0x41,0x4E,0x00,0x00,0x00,0x00,0x00,0x00,0x00,0x41,0x4C,0x50,0x48,0x41,0x00,0x00,0x00,0x00,0x00,0x00,0x00,0x00,0x00,0x50,0x48,0x4F,0x45,0x4E,0x49,0x58,0x00,
    0x00,0x00,0x00,0x00,0x00,0x00,0x42,0x41,0x47,0x42,0x4F,0x58,0x41,0x00,0x00,0x00,0x00,0x00,0x00,0x00,0x42,0x41,0x47,0x42,0x4F,0x58,0x42,0x00,0x00,0x00,0x00,0x00,
    0x00,0x00,0x53,0x54,0x41,0x49,0x52,0x53,0x00,0x00,0x00,0x00,0x00,0x00,0x00,0x00,0x42,0x4F,0x58,0x42,0x55,0x52,0x47,0x00,0x00,0x00,0x00,0x00,0x00,0x00,0x46,0x41,
    0x52,0x4D,0x5F,0x54,0x52,0x31,0x00,0x00,0x00,0x00,0x00,0x00,0x55,0x54,0x49,0x4C,0x5F,0x54,0x52,0x31,0x00,0x00,0x00,0x00,0x00,0x00,0x52,0x4F,0x4C,0x4C,0x45,0x52,
    0x00,0x00,0x00,0x00,0x00,0x00,0x00,0x00,0x42,0x49,0x4B,0x45,0x00,0x00,0x00,0x00,0x00,0x00,0x00,0x00,0x00,0x00,0x4D,0x4F,0x50,0x45,0x44,0x00,0x00,0x00,0x00,0x00,
    0x00,0x00,0x00,0x00,0x44,0x49,0x52,0x54,0x42,0x49,0x4B,0x45,0x00,0x00,0x00,0x00,0x00,0x00,0x46,0x43,0x52,0x39,0x30,0x30,0x00,0x00,0x00,0x00,0x00,0x00,0x00,0x00,
    0x4E,0x52,0x47,0x35,0x30,0x30,0x00,0x00,0x00,0x00,0x00,0x00,0x00,0x00,0x48,0x50,0x56,0x31,0x30,0x30,0x30,0x00,0x00,0x00,0x00,0x00,0x00,0x00,0x42,0x46,0x34,0x30,
    0x30,0x00,0x00,0x00,0x00,0x00,0x00,0x00,0x00,0x00,0x57,0x41,0x59,0x46,0x41,0x52,0x45,0x52,0x00,0x00,0x00,0x00,0x00,0x00,0x51,0x55,0x41,0x44,0x42,0x49,0x4B,0x45,
    0x00,0x00,0x00,0x00,0x00,0x00,0x42,0x4D,0x58,0x00,0x00,0x00,0x00,0x00,0x00,0x00,0x00,0x00,0x00,0x00,0x43,0x48,0x4F,0x50,0x50,0x45,0x52,0x42,0x00,0x00,0x00,0x00,
    0x00,0x00,0x4D,0x54,0x42,0x00,0x00,0x00,0x00,0x00,0x00,0x00,0x00,0x00,0x00,0x00,0x46,0x52,0x45,0x45,0x57,0x41,0x59,0x00,0x00,0x00,0x00,0x00,0x00,0x00,0x50,0x52,
    0x45,0x44,0x41,0x54,0x4F,0x52,0x00,0x00,0x00,0x00,0x00,0x00,0x53,0x50,0x45,0x45,0x44,0x45,0x52,0x00,0x00,0x00,0x00,0x00,0x00,0x00,0x52,0x45,0x45,0x46,0x45,0x52,
    0x00,0x00,0x00,0x00,0x00,0x00,0x00,0x00,0x52,0x49,0x4F,0x00,0x00,0x00,0x00,0x00,0x00,0x00,0x00,0x00,0x00,0x00,0x53,0x51,0x55,0x41,0x4C,0x4F,0x00,0x00,0x00,0x00,
    0x00,0x00,0x00,0x00,0x54,0x52,0x4F,0x50,0x49,0x43,0x00,0x00,0x00,0x00,0x00,0x00,0x00,0x00,0x43,0x4F,0x41,0x53,0x54,0x47,0x52,0x44,0x00,0x00,0x00,0x00,0x00,0x00,
    0x44,0x49,0x4E,0x47,0x48,0x59,0x00,0x00,0x00,0x00,0x00,0x00,0x00,0x00,0x4D,0x41,0x52,0x51,0x55,0x49,0x53,0x00,0x00,0x00,0x00,0x00,0x00,0x00,0x43,0x55,0x50,0x42,
    0x4F,0x41,0x54,0x00,0x00,0x00,0x00,0x00,0x00,0x00,0x4C,0x41,0x55,0x4E,0x43,0x48,0x00,0x00,0x00,0x00,0x00,0x00,0x00,0x00,0x53,0x45,0x41,0x50,0x4C,0x41,0x4E,0x45,
    0x00,0x00,0x00,0x00,0x00,0x00,0x56,0x4F,0x52,0x54,0x45,0x58,0x00,0x00,0x00,0x00,0x00,0x00,0x00,0x00,0x52,0x55,0x53,0x54,0x4C,0x45,0x52,0x00,0x00,0x00,0x00,0x00,
    0x00,0x00,0x42,0x45,0x41,0x47,0x4C,0x45,0x00,0x00,0x00,0x00,0x00,0x00,0x00,0x00,0x43,0x52,0x4F,0x50,0x44,0x55,0x53,0x54,0x00,0x00,0x00,0x00,0x00,0x00,0x53,0x54,
    0x55,0x4E,0x54,0x00,0x00,0x00,0x00,0x00,0x00,0x00,0x00,0x00,0x53,0x48,0x41,0x4D,0x41,0x4C,0x00,0x00,0x00,0x00,0x00,0x00,0x00,0x00,0x48,0x59,0x44,0x52,0x41,0x00,
    0x00,0x00,0x00,0x00,0x00,0x00,0x00,0x00,0x4E,0x45,0x56,0x41,0x44,0x41,0x00,0x00,0x00,0x00,0x00,0x00,0x00,0x00,0x41,0x54,0x34,0x30,0x30,0x00,0x00,0x00,0x00,0x00,
    0x00,0x00,0x00,0x00,0x41,0x4E,0x44,0x52,0x4F,0x4D,0x00,0x00,0x00,0x00,0x00,0x00,0x00,0x00,0x44,0x4F,0x44,0x4F,0x00,0x00,0x00,0x00,0x00,0x00,0x00,0x00,0x00,0x00,
    0x53,0x50,0x41,0x52,0x52,0x4F,0x57,0x00,0x00,0x00,0x00,0x00,0x00,0x00,0x53,0x45,0x41,0x53,0x50,0x41,0x52,0x00,0x00,0x00,0x00,0x00,0x00,0x00,0x4D,0x41,0x56,0x45,
    0x52,0x49,0x43,0x4B,0x00,0x00,0x00,0x00,0x00,0x00,0x43,0x4F,0x41,0x53,0x54,0x4D,0x41,0x56,0x00,0x00,0x00,0x00,0x00,0x00,0x50,0x4F,0x4C,0x4D,0x41,0x56,0x00,0x00,
    0x00,0x00,0x00,0x00,0x00,0x00,0x48,0x55,0x4E,0x54,0x45,0x52,0x00,0x00,0x00,0x00,0x00,0x00,0x00,0x00,0x4C,0x45,0x56,0x49,0x41,0x54,0x48,0x4E,0x00,0x00,0x00,0x00,
    0x00,0x00,0x43,0x41,0x52,0x47,0x4F,0x42,0x4F,0x42,0x00,0x00,0x00,0x00,0x00,0x00,0x52,0x41,0x49,0x4E,0x44,0x41,0x4E,0x43,0x00,0x00,0x00,0x00,0x00,0x00,0x52,0x43,
    0x42,0x41,0x52,0x4F,0x4E,0x00,0x00,0x00,0x00,0x00,0x00,0x00,0x52,0x43,0x47,0x4F,0x42,0x4C,0x49,0x4E,0x00,0x00,0x00,0x00,0x00,0x00,0x52,0x43,0x52,0x41,0x49,0x44,
    0x45,0x52,0x00,0x00,0x00,0x00,0x00,0x00,0x00,0x00,0x00,0x00,0x19,0x02,0x00,0x00,0x39,0x02,0x00,0x00,0x39,0x02,0x00,0x00,0x39,0x02,0x00,0x00,0x39,0x02,0x00,0x00,
    0x00,0x00,0x00,0x00,0x00,0x00,0x00,0x00,0x00,0x00,0x00,0x00,0x00,0x00,0x00,0x00,0x00,0x00,0x00,0x00,0x00,0x00,0x00,0x00,0x00,0x00,0x00,0x00,0x00,0x00,0x00,0x00,
    0x00,0x00,0x00,0x00,0x00,0x00,0x00,0x00,0x00,0x00,0x00,0x00,0x1A,0x02,0x00,0x00,0x3A,0x02,0x00,0x00,0x3A,0x02,0x00,0x00,0x00,0x00,0x00,0x00,0x00,0x00,0x00,0x00,
    0x00,0x00,0x00,0x00,0x00,0x00,0x00,0x00,0x00,0x00,0x00,0x00,0x00,0x00,0x00,0x00,0x00,0x00,0x00,0x00,0x00,0x00,0x00,0x00,0x00,0x00,0x00,0x00,0x00,0x00,0x00,0x00,
    0x00,0x00,0x00,0x00,0x00,0x00,0x00,0x00,0x00,0x00,0x00,0x00,0x1A,0x02,0x00,0x00,0x3A,0x02,0x00,0x00,0x3A,0x02,0x00,0x00,0x00,0x00,0x00,0x00,0x00,0x00,0x00,0x00,
    0x00,0x00,0x00,0x00,0x00,0x00,0x00,0x00,0x00,0x00,0x00,0x00,0x00,0x00,0x00,0x00,0x00,0x00,0x00,0x00,0x00,0x00,0x00,0x00,0x00,0x00,0x00,0x00,0x00,0x00,0x00,0x00,
    0x00,0x00,0x00,0x00,0x00,0x00,0x00,0x00,0x00,0x00,0x00,0x00,0x19,0x02,0x00,0x00,0x39,0x02,0x00,0x00,0x39,0x02,0x00,0x00,0x39,0x02,0x00,0x00,0x00,0x00,0x00,0x00,
    0x00,0x00,0x00,0x00,0x00,0x00,0x00,0x00,0x00,0x00,0x00,0x00,0x00,0x00,0x00,0x00,0x00,0x00,0x00,0x00,0x00,0x00,0x00,0x00,0x00,0x00,0x00,0x00,0x00,0x00,0x00,0x00,
    0x00,0x00,0x00,0x00,0x00,0x00,0x00,0x00,0x00,0x00,0x00,0x00,0x1A,0x02,0x00,0x00,0x3A,0x02,0x00,0x00,0x3A,0x02,0x00,0x00,0x00,0x00,0x00,0x00,0x00,0x00,0x00,0x00,
    0x00,0x00,0x00,0x00,0x00,0x00,0x00,0x00,0x00,0x00,0x00,0x00,0x00,0x00,0x00,0x00,0x00,0x00,0x00,0x00,0x00,0x00,0x00,0x00,0x00,0x00,0x00,0x00,0x00,0x00,0x00,0x00,
    0x00,0x00,0x00,0x00,0x00,0x00,0x00,0x00,0x00,0x00,0x00,0x00,0x1A,0x02,0x00,0x00,0x3A,0x02,0x00,0x00,0x3A,0x02,0x00,0x00,0x3A,0x02,0x00,0x00,0x00,0x00,0x00,0x00,
    0x00,0x00,0x00,0x00,0x00,0x00,0x00,0x00,0x00,0x00,0x00,0x00,0x00,0x00,0x00,0x00,0x00,0x00,0x00,0x00,0x00,0x00,0x00,0x00,0x00,0x00,0x00,0x00,0x00,0x00,0x00,0x00,
    0x00,0x00,0x00,0x00,0x00,0x00,0x00,0x00,0x00,0x00,0x00,0x00,0x19,0x02,0x00,0x00,0x39,0x02,0x00,0x00,0x39,0x02,0x00,0x00,0x00,0x00,0x00,0x00,0x00,0x00,0x00,0x00,
    0x00,0x00,0x00,0x00,0x00,0x00,0x00,0x00,0x00,0x00,0x00,0x00,0x00,0x00,0x00,0x00,0x00,0x00,0x00,0x00,0x00,0x00,0x00,0x00,0x00,0x00,0x00,0x00,0x00,0x00,0x00,0x00,
    0x00,0x00,0x00,0x00,0x00,0x00,0x00,0x00,0x00,0x00,0x00,0x00,0x1A,0x02,0x00,0x00,0x3A,0x02,0x00,0x00,0x3A,0x02,0x00,0x00,0x00,0x00,0x00,0x00,0x00,0x00,0x00,0x00,
    0x00,0x00,0x00,0x00,0x00,0x00,0x00,0x00,0x00,0x00,0x00,0x00,0x00,0x00,0x00,0x00,0x00,0x00,0x00,0x00,0x00,0x00,0x00,0x00,0x00,0x00,0x00,0x00,0x00,0x00,0x00,0x00,
    0x00,0x00,0x00,0x00,0x00,0x00,0x00,0x00,0x00,0x00,0x00,0x00,0xC1,0x01,0x00,0x00,0xC1,0x01,0x00,0x00,0x00,0x00,0x00,0x00,0x00,0x00,0x00,0x00,0x00,0x00,0x00,0x00,
    0x00,0x00,0x00,0x00,0x00,0x00,0x00,0x00,0x00,0x00,0x00,0x00,0x00,0x00,0x00,0x00,0x00,0x00,0x00,0x00,0x00,0x00,0x00,0x00,0x00,0x00,0x00,0x00,0x00,0x00,0x00,0x00,
    0x00,0x00,0x00,0x00,0x00,0x00,0x00,0x00,0x00,0x00,0x00,0x00,0xC1,0x01,0x00,0x00,0x00,0x00,0x00,0x00,0x00,0x00,0x00,0x00,0x00,0x00,0x00,0x00,0x00,0x00,0x00,0x00,
    0x00,0x00,0x00,0x00,0x00,0x00,0x00,0x00,0x00,0x00,0x00,0x00,0x00,0x00,0x00,0x00,0x00,0x00,0x00,0x00,0x00,0x00,0x00,0x00,0x00,0x00,0x00,0x00,0x00,0x00,0x00,0x00,
    0x00,0x00,0x00,0x00,0x00,0x00,0x00,0x00,0x00,0x00,0x00,0x00,0x19,0x02,0x00,0x00,0x39,0x02,0x00,0x00,0x00,0x00,0x00,0x00,0x00,0x00,0x00,0x00,0x00,0x00,0x00,0x00,
    0x00,0x00,0x00,0x00,0x00,0x00,0x00,0x00,0x00,0x00,0x00,0x00,0x00,0x00,0x00,0x00,0x00,0x00,0x00,0x00,0x00,0x00,0x00,0x00,0x00,0x00,0x00,0x00,0x00,0x00,0x00,0x00,
    0x00,0x00,0x00,0x00,0x00,0x00,0x00,0x00,0x00,0x00,0x00,0x00,0x1A,0x02,0x00,0x00,0x3A,0x02,0x00,0x00,0x3A,0x02,0x00,0x00,0x00,0x00,0x00,0x00,0x00,0x00,0x00,0x00,
    0x00,0x00,0x00,0x00,0x00,0x00,0x00,0x00,0x00,0x00,0x00,0x00,0x00,0x00,0x00,0x00,0x00,0x00,0x00,0x00,0x00,0x00,0x00,0x00,0x00,0x00,0x00,0x00,0x00,0x00,0x00,0x00,
    0x00,0x00,0x00,0x00,0x00,0x00,0x00,0x00,0x00,0x00,0x00,0x00,0x19,0x02,0x00,0x00,0x39,0x02,0x00,0x00,0x39,0x02,0x00,0x00,0x39,0x02,0x00,0x00,0x19,0x02,0x00,0x00,
    0x00,0x00,0x00,0x00,0x00,0x00,0x00,0x00,0x00,0x00,0x00,0x00,0x00,0x00,0x00,0x00,0x00,0x00,0x00,0x00,0x00,0x00,0x00,0x00,0x00,0x00,0x00,0x00,0x00,0x00,0x00,0x00,
    0x00,0x00,0x00,0x00,0x00,0x00,0x00,0x00,0x00,0x00,0x00,0x00,0x19,0x02,0x00,0x00,0x39,0x02,0x00,0x00,0x39,0x02,0x00,0x00,0x39,0x02,0x00,0x00,0x39,0x02,0x00,0x00,
    0x39,0x02,0x00,0x00,0x00,0x00,0x00,0x00,0x00,0x00,0x00,0x00,0x00,0x00,0x00,0x00,0x00,0x00,0x00,0x00,0x00,0x00,0x00,0x00,0x00,0x00,0x00,0x00,0x00,0x00,0x00,0x00,
    0x00,0x00,0x00,0x00,0x00,0x00,0x00,0x00,0x00,0x00,0x00,0x00,0xC1,0x01,0x00,0x00,0x00,0x00,0x00,0x00,0x00,0x00,0x00,0x00,0x00,0x00,0x00,0x00,0x00,0x00,0x00,0x00,
    0x00,0x00,0x00,0x00,0x00,0x00,0x00,0x00,0x00,0x00,0x00,0x00,0x00,0x00,0x00,0x00,0x00,0x00,0x00,0x00,0x00,0x00,0x00,0x00,0x00,0x00,0x00,0x00,0x00,0x00,0x00,0x00,
    0x00,0x00,0x00,0x00,0x00,0x00,0x00,0x00,0x00,0x00,0x00,0x00,0x1A,0x02,0x00,0x00,0x00,0x00,0x00,0x00,0x00,0x00,0x00,0x00,0x00,0x00,0x00,0x00,0x00,0x00,0x00,0x00,
    0x00,0x00,0x00,0x00,0x00,0x00,0x00,0x00,0x00,0x00,0x00,0x00,0x00,0x00,0x00,0x00,0x00,0x00,0x00,0x00,0x00,0x00,0x00,0x00,0x00,0x00,0x00,0x00,0x00,0x00,0x00,0x00,
    0x00,0x00,0x00,0x00,0x00,0x00,0x00,0x00,0x00,0x00,0x00,0x00,0x00,0xA0,0xD9,0x44,0x00,0x40,0xF4,0xC4,0x00,0x00,0x70,0x41,0x00,0x20,0xA2,0x44,0x00,0x40,0xED,0xC4,
    0x00,0x00,0x40,0x40,0x00,0x20,0xF3,0xC4,0x00,0x00,0x00,0x43,0x00,0x00,0xE8,0x41,0x00,0x40,0xB3,0x44,0x00,0x80,0x24,0x45,0x00,0x00,0x50,0x41,0x00,0xF0,0x2D,0x45,
    0x00,0xC0,0xDB,0x44,0x00,0x00,0x40,0x41,0x00,0x10,0x33,0x45,0x00,0x20,0xA0,0x44,0x00,0x00,0x40,0x41,0xDB,0xF9,0x7E,0x3F,0x00,0x00,0x80,0x3F,0xFF,0xFF,0xFF,0xFF,
    0x00,0x00,0x00,0x00,0x63,0x6F,0x72,0x6F,0x6E,0x61,0x73,0x74,0x61,0x72,0x00,0x00,0x00,0x00,0x00,0x00,0x00,0x00,0x00,0x00,0x00,0x00,0x00,0x00,0x00,0x00,0x63,0x6F,
    0x72,0x6F,0x6E,0x61,0x73,0x74,0x61,0x72,0x00,0x00,0x00,0x00,0x00,0x00,0x00,0x00,0x00,0x00,0x00,0x00,0x00,0x00,0x00,0x00,0x63,0x6F,0x72,0x6F,0x6E,0x61,0x6D,0x6F,
    0x6F,0x6E,0x00,0x00,0x00,0x00,0x00,0x00,0x00,0x00,0x00,0x00,0x00,0x00,0x00,0x00,0x00,0x00,0x63,0x6F,0x72,0x6F,0x6E,0x61,0x72,0x65,0x66,0x6C,0x65,0x63,0x74,0x00,
    0x00,0x00,0x00,0x00,0x00,0x00,0x00,0x00,0x00,0x00,0x00,0x00,0x63,0x6F,0x72,0x6F,0x6E,0x61,0x68,0x65,0x61,0x64,0x6C,0x69,0x67,0x68,0x74,0x6C,0x69,0x6E,0x65,0x00,
    0x00,0x00,0x00,0x00,0x00,0x00,0x00,0x00,0x00,0x00,0x00,0x00,0x00,0x00,0x00,0x00,0x00,0x00,0x00,0x00,0x00,0x00,0x00,0x00,0x00,0x00,0x00,0x00,0x00,0x00,0x00,0x00,
    0x00,0x00,0x00,0x00,0x00,0x00,0x00,0x00,0x00,0x00,0x00,0x00,0x00,0x00,0x00,0x00,0x00,0x00,0x00,0x00,0x00,0x00,0x00,0x00,0x00,0x00,0x00,0x00,0x00,0x00,0x00,0x00,
    0x00,0x00,0x00,0x00,0x00,0x00,0x00,0x00,0x00,0x00,0x00,0x00,0x00,0x00,0x00,0x00,0x00,0x00,0x00,0x00,0x00,0x00,0x00,0x00,0x00,0x00,0x00,0x00,0x00,0x00,0x00,0x00,
    0x00,0x00,0x00,0x00,0x00,0x00,0x00,0x00,0x00,0x00,0x00,0x00,0x00,0x00,0x63,0x6F,0x72,0x6F,0x6E,0x61,0x72,0x69,0x6E,0x67,0x62,0x00,0x00,0x00,0x00,0x00,0x00,0x00,
    0x00,0x00,0x00,0x00,0x00,0x00,0x00,0x00,0x00,0x00,0x00,0x00,0x00,0x00,0x00,0x00,0x00,0x00,0x00,0x00,0x00,0x00,0x00,0x00,0x00,0x00,0x00,0x00,0x00,0x00,0x00,0x00,
    0x00,0x00,0x00,0x00,0x00,0x00,0x00,0x00,0x00,0x00,0x00,0x00,0x00,0x00,0x00,0x00,0x00,0x00,0x00,0x00,0x00,0x00,0x00,0x00,0x00,0x00,0x00,0x00,0x00,0x00,0x00,0x00,
    0x00,0x00,0x00,0x00,0x00,0x00,0x00,0x00,0x00,0x00,0x00,0x00,0x00,0x00,0x00,0x00,0x00,0x00,0x00,0x00,0x00,0x00,0x00,0x00,0x00,0x00,0x63,0x6F,0x72,0x6F,0x6E,0x61,
    0x72,0x65,0x66,0x6C,0x65,0x63,0x74,0x6D,0x00,0x00,0x00,0x00,0x00,0x00,0x00,0x00,0x00,0x00,0x00,0x00,0x00,0x00,0x00,0x00,0x00,0x00,0x00,0x00,0x00,0x00,0x00,0x00,
    0x00,0x00,0x00,0x00,0x00,0x00,0x00,0x00,0x00,0x00,0x00,0x00,0x00,0x00,0x00,0x00,0x00,0x00,0x00,0x00,0x00,0x00,0x00,0x00,0x00,0x00,0x00,0x00,0x00,0x00,0x00,0x00,
    0x00,0x00,0x00,0x00,0x00,0x00,0x00,0x00,0x00,0x00,0x00,0x00,0x00,0x00,0x00,0x00,0x00,0x00,0x00,0x00,0x00,0x00,0x00,0x00,0x00,0x00,0x00,0x00,0x00,0x00,0x00,0x00,
    0x00,0x00,0x00,0x00,0x00,0x00,0x00,0x00,0x00,0x00,0x00,0x00,0x00,0x00,0x00,0x00,0x00,0x00,0x00,0x00,0x00,0x00,0x00,0x00,0x00,0x00,0x00,0x00,0x00,0x00,0x00,0x00,
    0x00,0x00,0x00,0x00,0x00,0x00,0x00,0x00,0x00,0x00,0x00,0x00,0x00,0x00,0x00,0x00,0x00,0x00,0x00,0x00,0x00,0x00,0x00,0x00,0x00,0x00,0x00,0x00,0x00,0x00,0x00,0x00,
    0x00,0x00,0x00,0x00,0x00,0x00,0x00,0x00,0x00,0x00,0x00,0x00,0x00,0x00,0x00,0x00,0x00,0x00,0x80,0x3F,0x03,0x00,0x00,0x00,0x00,0x00,0x00,0x00,0x00,0x00,0x80,0x40,
    0x00,0x00,0x00,0x41,0x24,0x00,0x1E,0x00,0x18,0x00,0xC8,0x00,0x04,0x00,0x00,0x00,0x00,0x00,0x40,0x40,0x33,0x33,0x33,0x41,0x18,0x00,0x12,0x00,0x0F,0x00,0xC8,0x00,
    0x04,0x00,0x00,0x00,0x00,0x00,0x00,0x40,0x00,0x00,0x00,0x41,0x18,0x00,0x0C,0x00,0x0C,0x00,0xC8,0x00,0x04,0x00,0x00,0x00,0x00,0x00,0xC0,0x3F,0x9A,0x99,0x19,0x41,
    0x36,0x00,0x36,0x00,0x30,0x00,0xC8,0x00,0x04,0x00,0x00,0x00,0x00,0x00,0xA0,0x3F,0x00,0x00,0x00,0x41,0x18,0x00,0x18,0x00,0x12,0x00,0xC8,0x00,0x04,0x00,0x00,0x00,
    0xCD,0xCC,0x4C,0x3F,0x33,0x33,0xB3,0x41,0x24,0x00,0x1E,0x00,0x18,0x00,0xC8,0x00,0x04,0x00,0x00,0x00,0x9A,0x99,0x19,0x3F,0xCD,0xCC,0xCC,0x40,0x18,0x00,0x0F,0x00,
    0x0C,0x00,0xC8,0x00,0x04,0x00,0x00,0x00,0x00,0x00,0x80,0x3E,0x00,0x00,0x80,0x41,0x24,0x00,0x1E,0x00,0x1E,0x00,0xC8,0x00,0x04,0x00,0x00,0x00,0xCD,0xCC,0xCC,0x3D,
    0x9A,0x99,0x19,0x41,0x12,0x00,0x12,0x00,0x12,0x00,0xC8,0x00,0x04,0x00,0x00,0x00,0xCD,0xCC,0x4C,0x3D,0x33,0x33,0xB3,0x41,0x24,0x00,0x1E,0x00,0x18,0x00,0xC8,0x00,
    0x04,0x00,0x00,0x00,0x8F,0xC2,0xF5,0xBC,0x9A,0x99,0x99,0x40,0x12,0x00,0x12,0x00,0x12,0x00,0xC8,0x00,0x04,0x00,0x00,0x00,0xCD,0xCC,0xCC,0xBD,0x9A,0x99,0x19,0x41,
    0x2A,0x00,0x2A,0x00,0x2A,0x00,0xC8,0x00,0x04,0x00,0x00,0x00,0x9A,0x99,0x99,0xBE,0x00,0x00,0x00,0x41,0x12,0x00,0x06,0x00,0x06,0x00,0xC8,0x00,0x04,0x00,0x00,0x00,
    0xCD,0xCC,0xCC,0xBE,0x00,0x00,0xC0,0x42,0x12,0x00,0x0C,0x00,0x09,0x00,0xC8,0x00,0x04,0x00,0x00,0x00,0xCD,0xCC,0x0C,0xBF,0xCD,0xCC,0xCC,0x40,0x12,0x00,0x12,0x00,
    0x0C,0x00,0xC8,0x00,0x04,0x00,0x00,0x00,0x00,0x00,0x40,0xBF,0x33,0x33,0xB3,0x41,0x2A,0x00,0x18,0x00,0x12,0x00,0xC8,0x00,0x04,0x00,0x00,0x00,0x66,0x66,0x66,0xBF,
    0xB8,0x1E,0x05,0x41,0x15,0x00,0x0C,0x00,0x12,0x00,0xC8,0x00,0x04,0x00,0x00,0x00,0x00,0x00,0x80,0xBF,0xCD,0xCC,0x8C,0x41,0x2A,0x00,0x0D,0x00,0x12,0x00,0xC8,0x00,
    0x04,0x00,0x00,0x00,0x9A,0x99,0x99,0xBF,0x33,0x33,0xB3,0x40,0x15,0x00,0x0C,0x00,0x0C,0x00,0xC8,0x00,0x04,0x00,0x00,0x00,0xCD,0xCC,0xAC,0xBF,0x67,0x66,0x66,0x41,
    0x2A,0x00,0x2A,0x00,0x18,0x00,0xC8,0x00,0x04,0x00,0x00,0x00,0x9A,0x99,0xD9,0xBF,0x8F,0xC2,0xAD,0x42,0x15,0x00,0x0F,0x00,0x0F,0x00,0xC8,0x00,0x04,0x00,0x00,0x00,
    0x00,0x00,0x00,0xC0,0x00,0x00,0x00,0x41,0x30,0x00,0x1E,0x00,0x1E,0x00,0xC8,0x00,0x04,0x00,0x00,0x00,0x00,0x00,0x20,0xC0,0x67,0x66,0xE6,0x40,0x15,0x00,0x0F,0x00,
    0x0C,0x00,0xC8,0x00,0x04,0x00,0x00,0x00,0x00,0x00,0x40,0xC0,0x33,0x33,0xB3,0x41,0x2A,0x00,0x1E,0x00,0x18,0x00,0xC8,0x00,0x04,0x00,0x00,0x00,0x00,0x00,0xC0,0xC0,
    0x9A,0x99,0x19,0x42,0x2A,0x00,0x2A,0x00,0x1E,0x00,0xC8,0x00,0x04,0x00,0x00,0x00,0x00,0x00,0x10,0xC1,0x33,0x33,0xB3,0x41,0x2A,0x00,0x1E,0x00,0x24,0x00,0xC8,0x00,
    0x04,0x00,0x00,0x00,0x00,0x00,0x00,0x00,0x00,0x00,0x00,0x00,0xFF,0x00,0xFF,0x00,0xFF,0x00,0xFF,0x00,0x00,0x00,0x00,0x00,0x00,0x00,0x00,0x00,0x00,0x00,0x80,0x40,
    0x00,0x00,0xA0,0x40,0x3C,0x00,0x3C,0x00,0x3C,0x00,0xC8,0x00,0x04,0x00,0x00,0x00,0x00,0x00,0x40,0x40,0x00,0x00,0xE0,0x40,0x28,0x00,0x28,0x00,0x28,0x00,0xC8,0x00,
    0x04,0x00,0x00,0x00,0x00,0x00,0x00,0x40,0x00,0x00,0xA0,0x40,0x28,0x00,0x28,0x00,0x28,0x00,0xC8,0x00,0x04,0x00,0x00,0x00,0x00,0x00,0xC0,0x3F,0x00,0x00,0xC0,0x40,
    0x5A,0x00,0x5A,0x00,0x5A,0x00,0xC8,0x00,0x04,0x00,0x00,0x00,0x00,0x00,0xA0,0x3F,0x00,0x00,0xA0,0x40,0x28,0x00,0x28,0x00,0x28,0x00,0xC8,0x00,0x04,0x00,0x00,0x00,
    0xCD,0xCC,0x4C,0x3F,0x00,0x00,0x60,0x41,0x3C,0x00,0x3C,0x00,0x3C,0x00,0xC8,0x00,0x04,0x00,0x00,0x00,0x9A,0x99,0x19,0x3F,0x00,0x00,0x80,0x40,0x28,0x00,0x28,0x00,
    0x28,0x00,0xC8,0x00,0x04,0x00,0x00,0x00,0x00,0x00,0x80,0x3E,0x00,0x00,0x20,0x41,0x3C,0x00,0x3C,0x00,0x3C,0x00,0xC8,0x00,0x04,0x00,0x00,0x00,0xCD,0xCC,0xCC,0x3D,
    0x00,0x00,0xC0,0x40,0x1E,0x00,0x1E,0x00,0x1E,0x00,0xC8,0x00,0x04,0x00,0x00,0x00,0xCD,0xCC,0x4C,0x3D,0x00,0x00,0x60,0x41,0x32,0x00,0x32,0x00,0x32,0x00,0xC8,0x00,
    0x04,0x00,0x00,0x00,0x8F,0xC2,0xF5,0xBC,0x00,0x00,0x40,0x40,0x1E,0x00,0x1E,0x00,0x1E,0x00,0xC8,0x00,0x04,0x00,0x00,0x00,0xCD,0xCC,0xCC,0xBD,0x00,0x00,0xC0,0x40,
    0x3C,0x00,0x3C,0x00,0x3C,0x00,0xC8,0x00,0x04,0x00,0x00,0x00,0x9A,0x99,0x99,0xBE,0x00,0x00,0xA0,0x40,0x1E,0x00,0x1E,0x00,0x1E,0x00,0xC8,0x00,0x04,0x00,0x00,0x00,
    0xCD,0xCC,0xCC,0xBE,0x00,0x00,0x70,0x42,0x1E,0x00,0x1E,0x00,0x1E,0x00,0xC8,0x00,0x04,0x00,0x00,0x00,0xCD,0xCC,0x0C,0xBF,0x00,0x00,0x80,0x40,0x28,0x00,0x28,0x00,
    0x28,0x00,0xC8,0x00,0x04,0x00,0x00,0x00,0x00,0x00,0x40,0xBF,0x00,0x00,0x60,0x41,0x32,0x00,0x32,0x00,0x32,0x00,0xC8,0x00,0x04,0x00,0x00,0x00,0x66,0x66,0x66,0xBF,
    0x66,0x66,0xA6,0x40,0x23,0x00,0x23,0x00,0x23,0x00,0xC8,0x00,0x04,0x00,0x00,0x00,0x00,0x00,0x80,0xBF,0x00,0x00,0x30,0x41,0x37,0x00,0x37,0x00,0x37,0x00,0xC8,0x00,
    0x04,0x00,0x00,0x00,0x9A,0x99,0x99,0xBF,0x00,0x00,0x60,0x40,0x23,0x00,0x23,0x00,0x23,0x00,0xC8,0x00,0x04,0x00,0x00,0x00,0xCD,0xCC,0xAC,0xBF,0x00,0x00,0x10,0x41,
    0x32,0x00,0x32,0x00,0x32,0x00,0xC8,0x00,0x04,0x00,0x00,0x00,0x9A,0x99,0xD9,0xBF,0x33,0x33,0x59,0x42,0x23,0x00,0x23,0x00,0x23,0x00,0xC8,0x00,0x04,0x00,0x00,0x00,
    0x00,0x00,0x00,0xC0,0x00,0x00,0xA0,0x40,0x32,0x00,0x32,0x00,0x32,0x00,0xC8,0x00,0x04,0x00,0x00,0x00,0x00,0x00,0x20,0xC0,0x00,0x00,0x90,0x40,0x23,0x00,0x23,0x00,
    0x23,0x00,0xC8,0x00,0x04,0x00,0x00,0x00,0x00,0x00,0x40,0xC0,0x00,0x00,0x60,0x41,0x32,0x00,0x32,0x00,0x32,0x00,0xC8,0x00,0x04,0x00,0x00,0x00,0x00,0x00,0xC0,0xC0,
    0x00,0x00,0xC0,0x41,0x46,0x00,0x46,0x00,0x46,0x00,0xC8,0x00,0x04,0x00,0x00,0x00,0x00,0x00,0x10,0xC1,0x00,0x00,0x60,0x41,0x46,0x00,0x32,0x00,0x46,0x00,0xC8,0x00,
    0x04,0x00,0x00,0x00,0x00,0x00,0x00,0x00,0x00,0x00,0x00,0x00,0xFF,0x00,0xFF,0x00,0xFF,0x00,0xFF,0x00,0x00,0x00,0x00,0x00,0x00,0x00,0x00,0x00,0xA8,0x0B,0xFA,0x95,
    0xA8,0xC0,0x24,0x01,0x37,0x28,0xFA,0x72,0x64,0x9D,0x18,0xFF,0x03,0xD9,0x29,0x76,0xA7,0xE7,0xFA,0x27,0x5D,0x34,0x75,0x61,0x4D,0xCB,0xD8,0xC1,0xC8,0x59,0x5A,0x86,
    0x40,0x01,0x34,0x28,0x47,0x4F,0x0A,0x9A,0x44,0x4F,0x48,0xF7,0xDB,0xB5,0x19,0x4F,0x57,0x24,0x3A,0xC4,0xF5,0x6E,0x65,0x3A,0xA5,0xE6,0xA0,0xF4,0xB8,0x32,0x5A,0x86,
    0x18,0xD8,0x04,0x30,0xD7,0x37,0x0A,0x9A,0x54,0x76,0x08,0xD8,0xC3,0x3C,0x59,0xEB,0x67,0xC8,0x22,0x4B,0xCD,0x4B,0x95,0xAF,0x4D,0xCB,0xE8,0xE8,0xE8,0xA7,0x8A,0xFB,
    0x90,0xC4,0x54,0x76,0x27,0x01,0xEA,0x4B,0x14,0xD4,0x28,0xA9,0xEB,0xDC,0x59,0xEB,0x87,0x99,0xFA,0x27,0xED,0x99,0xED,0x4D,0x65,0x4A,0x70,0x7F,0x00,0x00,0x9A,0x69,
    0x55,0xAB,0x66,0xCC,0xEF,0xFB,0x25,0x96,0xAA,0x55,0xCD,0x98,
};
static const uint8 s_Init_8D5094[]{
    0x40,0x00,0x00,0x00,0x80,0x00,0x00,0x00,0x03,0x00,0x00,0x00,0x02,0x00,0x00,0x00,0x00,0x00,0x80,0x3F,0x30,0x00,0x00,0x00,0x00,0x82,0x00,0xFF,
};
static const uint8 s_Init_8D50B4[]{
    0x40,0x00,0x00,0x00,0xA6,0x9B,0x44,0x3B,0x00,0x00,0x80,0x3F,0x00,0x00,0x00,0x00,0x00,0x00,0x00,0x00,0x00,0x00,0x80,0x3F,0x6E,0x28,0x3C,0xFF,0x64,0x00,0xC8,0xFF,
    0x0A,0x00,0x00,0x00,0x13,0x00,0x00,0x00,0xCD,0xCC,0x4C,0x3D,0x00,0x00,0x00,0x3F,0xFF,0xFF,0xFF,0xFF,0x96,0x00,0x00,0x00,0x06,0x00,0x00,0x00,0x0A,0x00,0x00,0x00,
    0xAA,0x00,0x00,0x00,0x2D,0x00,0x00,0x00,0x00,0x00,0x00,0x40,0x01,0x00,0x00,0x00,0x24,0x00,0x00,0x00,0x01,
};
static const uint8 s_Init_8D510A[]{
    0x01,0x01,0x02,0x00,0x00,0x00,0x01,0x00,0x00,0x00,0xDC,0x00,0x00,0x00,0x23,0x00,0x00,0x00,0x02,0x00,0x00,0x00,0x02,0x00,0x00,0x00,0x80,0x00,0x00,0x00,0x4B,0x00,
    0x00,0x00,0x40,0x00,0x00,0x00,0x00,0x00,0x80,0x40,0x00,0x00,0xC0,0x41,0xA6,0x9B,0xC4,0x3A,0x0A,0xD7,0x23,0x3D,0x40,0x40,0x40,0x40,0x01,0x00,0x00,0x00,0x00,0x00,
    0xB4,0x42,
};
static const uint8 s_Init_8D5150[]{
    0x08,0x00,0x00,0x00,0x08,0x00,0x00,0x00,0x08,0x00,0x00,0x00,0x08,0x00,0x00,0x00,0x00,0x00,0x80,0x3F,0x00,0x00,0x80,0x3F,0x6F,0x12,0x03,0x3A,0x33,0x33,0xB3,0x3E,
    0x00,0x00,0x80,0x3F,0x00,0x00,0x01,0x00,0x02,0x00,0x00,0x00,0x02,0x00,0x03,0x00,0x00,0x00,0x01,0x00,0x02,0x00,0x00,0x00,0x02,0x00,0x03,0x00,0x01,0x00,0x00,0x00,
    0x9A,0x99,0x19,0x3F,0x01,0x00,0x00,0x00,0x04,0x00,0x00,0x00,0x00,0x00,0x00,0x00,0x33,0x33,0x33,0x3F,0x02,0x00,0x00,0x00,0x04,0x00,0x00,0x00,0x00,0x00,0x00,0x00,
    0xCD,0xCC,0x4C,0x3F,0x03,0x00,0x00,0x00,0x04,0x00,0x00,0x00,0x00,0x00,0x00,0x00,0x66,0x66,0x66,0x3F,0x03,0x00,0x00,0x00,0x04,0x00,0x00,0x00,0x00,0x00,0x00,0x00,
    0x7B,0x14,0x6E,0x3F,0x04,0x00,0x00,0x00,0x04,0x00,0x00,0x00,0x01,0x00,0x00,0x00,0x8F,0xC2,0x75,0x3F,0x04,0x00,0x00,0x00,0x04,0x00,0x00,0x00,0x02,0x00,0x00,0x00,
    0x00,0x00,0x80,0x3F,0x05,0x00,0x00,0x00,0x04,0x00,0x00,0x00,0x03,0x00,0x00,0x00,0x01,
};
static const uint8 s_Init_8D5388[]{
    0x00,0x00,0x80,0x3F,0x01,0x00,0x00,0x00,0xCD,0xCC,0xCC,0x3D,0x00,0x00,0x80,0x3F,0x33,0x33,0x33,0x3F,0x00,0x00,0x00,0x00,0x33,0x33,0x33,0xBF,0x00,0x00,0x80,0xBF,
    0x33,0x33,0x33,0xBF,0x00,0x00,0x00,0x00,0x33,0x33,0x33,0x3F,0xCD,0xCC,0x4C,0x3F,0xCD,0xCC,0x4C,0xBF,0xCD,0xCC,0xCC,0x3E,0xCD,0xCC,0xCC,0xBE,0x00,0x00,0x00,0x00,
    0x33,0x33,0x33,0xBF,0x00,0x00,0x80,0xBF,0x33,0x33,0x33,0xBF,0x00,0x00,0x00,0x00,0x33,0x33,0x33,0x3F,0x00,0x00,0x80,0x3F,0x33,0x33,0x33,0x3F,0xCD,0xCC,0xCC,0x3E,
    0xCD,0xCC,0xCC,0x3E,0xCD,0xCC,0x4C,0xBF,0xCD,0xCC,0x4C,0xBF,0x00,0x00,0x00,0x00,0x00,0x00,0x80,0x3F,0x00,0x00,0x00,0x3F,0x00,0x00,0x00,0x00,0x00,0x00,0x80,0x3F,
    0x9A,0x99,0x99,0x3E,0x66,0x66,0x66,0x3F,0xCD,0xCC,0xCC,0x3E,0x66,0x66,0xA6,0x3F,0x33,0x33,0xB3,0x3F,0x9A,0x99,0x99,0x3F,0x9A,0x99,0xD9,0x3F,0x00,0x00,0x00,0x00,
    0x00,0x00,0x00,0x00,0x00,0x00,0x70,0x42,0x00,0x00,0x90,0x42,0x00,0x00,0x40,0x42,0x00,0x00,0xA8,0x41,0x00,0x00,0x40,0x41,0x00,0x00,0x10,0x41,0x00,0x00,0x40,0xC0,
    0x66,0x66,0x06,0xC1,0x00,0x00,0x90,0xC1,0x00,0x00,0x70,0xC1,0x00,0x00,0x10,0xC2,0x00,0x00,0x20,0xC2,0x00,0x00,0x40,0xC2,0x00,0x00,0x70,0xC2,0x00,0x00,0xC0,0xC1,
    0x00,0x00,0xC8,0x42,0x00,0x00,0xC8,0x42,0x00,0x00,0xC8,0x42,0x00,0x00,0xC8,0x42,0x00,0x00,0xC8,0x42,0x00,0x00,0xC8,0x42,0x00,0x00,0xC8,0x42,0x00,0x00,0xC8,0x42,
    0x00,0x00,0xC8,0x42,0x00,0x00,0xC8,0x42,0x00,0x00,0xF0,0xC1,0x00,0x00,0xA0,0xC1,0x00,0x00,0x20,0x41,0x00,0x00,0xF0,0x41,0x00,0x00,0x00,0x00,0x00,0x00,0xC8,0xC2,
    0x00,0x00,0xC8,0xC2,0x00,0x00,0xC8,0xC2,0x00,0x00,0xC8,0xC2,0x00,0x00,0xC8,0xC2,0x00,0x00,0xC8,0xC2,0x00,0x00,0x00,0x00,0x00,0x00,0xC8,0x42,0x00,0x00,0xC8,0x42,
    0x00,0x00,0xC8,0x42,0x00,0x00,0xC8,0x42,0x00,0x00,0xC8,0x42,0x00,0x00,0xC8,0x42,0x00,0x00,0xC8,0x42,0x00,0x00,0xC8,0x42,0x00,0x00,0xC8,0x42,0x00,0x00,0xC8,0x42,
    0x00,0x00,0xC8,0x42,0x00,0x00,0xC8,0x42,0x00,0x00,0xC8,0x42,0x00,0x00,0xC8,0x42,0x00,0x00,0xC8,0x42,0x00,0x00,0xC8,0x42,0x00,0x00,0xF0,0xC1,0x00,0x00,0x20,0x41,
    0x00,0x00,0xC8,0xC1,0x00,0x00,0xA0,0xC0,0x00,0x00,0xE0,0x41,0x00,0x00,0x20,0xC1,0x00,0x00,0x20,0x41,0x00,0x00,0x00,0x00,0x00,0x00,0x70,0x41,0x00,0x00,0x20,0x42,
    0x00,0x00,0xC8,0xC2,0x00,0x00,0xC8,0xC2,0x00,0x00,0xC8,0xC2,0x00,0x00,0xC8,0xC2,0x00,0x00,0xC8,0xC2,0x00,0x00,0x20,0xC2,0x00,0x00,0xA0,0xC1,0x00,0x00,0x00,0x00,
    0x00,0x00,0x20,0x41,0x00,0x00,0xF0,0x41,0x00,0x00,0x0C,0x42,0x00,0x00,0x00,0x00,0x00,0x00,0x00,0x40,0x00,0x00,0x80,0x3F,0x00,0x00,0x00,0x00,0x9A,0x99,0x99,0x3E,
    0x33,0x33,0x33,0x3F,0x33,0x33,0xB3,0x3F,0x9A,0x99,0xD9,0x3F,0x8F,0xC2,0x75,0x3E,0x33,0x33,0x33,0x3F,0x66,0x66,0xA6,0x3F,0xCD,0xCC,0xCC,0x3F,0x00,0x00,0x80,0x3F,
    0x9A,0x99,0x99,0x3F,0x9A,0x99,0x99,0x3E,0x33,0x33,0x33,0x3F,0x33,0x33,0xB3,0x3F,0x00,0x00,0x00,0x00,0xCD,0xCC,0xCC,0x3D,0x00,0x00,0x00,0x3F,0xCD,0xCC,0xCC,0x3E,
    0xCD,0xCC,0x0C,0x3F,0x00,0x00,0x40,0x3F,0x00,0x00,0x80,0x3F,0x33,0x33,0xB3,0x3F,0x9A,0x99,0xD9,0x3F,0x00,0x00,0x00,0x40,0x00,0x00,0x00,0x40,0x33,0x33,0x13,0x40,
    0x33,0x33,0xF3,0x3F,0x9A,0x99,0x19,0x40,0x00,0x00,0x00,0x40,0x00,0x00,0x00,0x40,0x00,0x00,0xC0,0x3F,0x9A,0x99,0x99,0x3F,0x9A,0x99,0xD9,0x3F,0x00,0x00,0xC0,0x3F,
    0x66,0x66,0x06,0x40,0x00,0x00,0x00,0x00,0xCD,0xCC,0x4C,0x3D,0xB8,0x1E,0x05,0x3E,0xCD,0xCC,0xCC,0x3E,0x33,0x33,0x33,0x3F,0x9A,0x99,0x19,0x3F,0x71,0x3D,0x8A,0x3E,
    0xCD,0xCC,0x0C,0x3F,0x00,0x00,0x40,0x3F,0x00,0x00,0x00,0x00,0x66,0x66,0xE6,0x3E,0x66,0x66,0x66,0x3F,0x00,0x00,0x80,0x3F,0x9A,0x99,0x59,0x3F,0xB8,0x1E,0x05,0x3F,
    0x8F,0xC2,0xF5,0x3E,0x33,0x33,0xB3,0x3E,0xCD,0xCC,0x4C,0x3E,0x00,0x00,0x80,0x3F,0x33,0x33,0xB3,0x3F,0x66,0x66,0x66,0x3F,0x00,0x00,0x80,0x3F,0x9A,0x99,0x19,0x3F,
    0x00,0x00,0xC0,0x3F,0x66,0x66,0xA6,0x3F,0x00,0x00,0x80,0x3F,0xCD,0xCC,0x4C,0x3F,
};
static const uint8 s_Init_8D5798[]{
    0x00,0x00,0x80,0x3F,0x00,0x00,0x01,
};
static const uint8 s_Init_8D5CD8[]{
    0x00,0x00,0x00,0x00,0x00,0x00,0x00,0x00,0x00,0x00,0x00,0x00,0x00,0x00,0x80,0x3F,0xCD,0xCC,0xCC,0x3E,0x00,0x00,0x00,0x3F,0x00,0x00,0x00,0x00,0x00,0x00,0x80,0x3F,
    0x00,0x00,0x80,0x3F,0x00,0x00,0x80,0x3F,0xCD,0xCC,0xCC,0x3E,0x00,0x00,0x00,0x3F,0x00,0x00,0x00,0x00,0x00,0x00,0x00,0x00,0xCD,0xCC,0xCC,0x3E,0x00,0x00,0x00,0x3F,
    0x33,0x33,0x33,0x3F,0x00,0x00,0x00,0x00,0x33,0x33,0x33,0x3F,0x00,0x00,0x00,0x00,0xCD,0xCC,0xCC,0x3E,0x00,0x00,0x00,0x3F,0x00,0x00,0x80,0x3F,0x00,0x00,0x80,0x3F,
    0x33,0x33,0x33,0x3F,0x00,0x00,0x00,0x00,0x00,0x00,0x80,0x3F,0x00,0x00,0x80,0x3F,0x00,0x00,0x80,0x3F,0x00,0x00,0x00,0x00,0x00,0x00,0x01,0x00,0x02,0x00,0x00,0x00,
    0x02,0x00,0x03,0x00,0x01,0x00,0x00,0x00,0x80,0x80,0x80,0xFF,0x01,0x00,0x00,0x00,0xFF,0xFF,0x00,0x00,0xFF,0xFF,0x00,0x00,0xFF,0xFF,0x00,0x00,0xFF,0xFF,0x00,0x00,
    0x00,0x00,0x00,0xFF,0x45,0x45,0x3D,0xFF,0x2D,0x1F,0x04,0xFF,0x20,0x00,0x00,0xFF,0xFF,0xFF,0xFF,
};
static const uint8 s_Init_8D5EAC[]{
    0x20,0x03,0x00,0x00,0x0D,0x0D,0x0D,0x0D,0x0D,0x0D,0x0D,0x0D,0x0E,0x0F,0x09,0x09,0x0F,0x0E,0x0D,0x0E,0x0E,0x0D,0x0D,0x0D,0x0D,0x0E,0x0E,0x0D,0x0D,0x0D,0x0D,0x0D,
    0x0D,0x0D,0x0D,0x0D,0x0D,0x0D,0x0E,0x0E,0x0E,0x0E,0x0E,0x0E,0x0F,0x09,0x09,0x0F,0x10,0x10,0x10,0x10,0x0F,0x0E,0x0E,0x0E,0x0E,0x0D,0x0D,0x0D,0x0D,0x0D,0x0D,0x0D,
    0x0D,0x0D,0x0D,0x0D,0x02,0x02,0x00,0x00,0x00,0x02,0x02,0x02,0x03,0x00,0x03,0x02,0x00,0x00,0x03,0x03,0x03,0x04,0x04,0x00,0x00,0x01,0x01,0x00,0x02,0x02,0x02,0x02,
    0x02,0x02,0x02,0x02,0x02,0x02,0x03,0x03,0x03,0x03,0x03,0x03,0x02,0x02,0x03,0x03,0x00,0x00,0x10,0x00,0x04,0x01,0x01,0x01,0x01,0x00,0x00,0x02,0x02,0x02,0x02,0x02,
    0x02,0x02,0x02,0x02,0x05,0x05,0x05,0x05,0x05,0x07,0x07,0x09,0x09,0x07,0x05,0x05,0x05,0x05,0x05,0x07,0x07,0x07,0x08,0x08,0x07,0x07,0x05,0x05,0x05,0x05,0x06,0x06,
    0x05,0x07,0x09,0x09,0x07,0x05,0x05,0x07,0x05,0x05,0x06,0x06,0x05,0x05,0x05,0x07,0x07,0x08,0x08,0x07,0x07,0x09,0x09,0x05,0x05,0x06,0x06,0x06,0x05,0x05,0x06,0x07,
    0x07,0x06,0x06,0x05,0x0B,0x0B,0x0B,0x0B,0x0B,0x0B,0x0B,0x0B,0x0B,0x0B,0x0B,0x0B,0x0B,0x0B,0x0B,0x0B,0x0B,0x0B,0x0B,0x0A,0x0A,0x0A,0x0A,0x0A,0x0B,0x0B,0x0B,0x0B,
    0x0B,0x0B,0x0B,0x0B,0x0B,0x0A,0x0B,0x0B,0x0B,0x0B,0x0A,0x0B,0x0B,0x0B,0x0B,0x0B,0x0B,0x0B,0x0B,0x0B,0x0B,0x0B,0x0B,0x0B,0x0B,0x0B,0x0B,0x0B,0x0A,0x0A,0x0C,0x0C,
    0x0A,0x0C,0x0A,0x0A,0x11,0x11,0x11,0x13,0x13,0x11,0x11,0x11,0x11,0x11,0x11,0x11,0x11,0x11,0x11,0x11,0x11,0x11,0x11,0x12,0x12,0x12,0x12,0x12,0x11,0x11,0x11,0x11,
    0x11,0x11,0x11,0x11,0x11,0x11,0x11,0x11,0x11,0x13,0x13,0x13,0x11,0x11,0x11,0x11,0x11,0x11,0x11,0x11,0x11,0x11,0x12,0x12,0x12,0x11,0x11,0x11,0x11,0x11,0x11,0x11,
    0x13,0x13,0x13,0x11,0x00,0x00,0x80,0x3F,0x00,0x00,0x00,0x00,0x00,0x00,0x80,0x3F,0x00,0x00,0x00,0x3F,0x00,0x00,0x80,0x3F,0xCD,0xCC,0x4C,0x3E,0xCD,0xCC,0xCC,0x3E,
    0x00,0x00,0x80,0x3F,0x00,0x00,0x80,0x3F,0x00,0x00,0x80,0x3F,0x00,0x00,0x80,0x3F,0xCD,0xCC,0x4C,0x3F,0x00,0x00,0x00,0x00,0x00,0x00,0x80,0x3F,0x00,0x00,0x80,0x3F,
    0x33,0x33,0x33,0x3F,0x00,0x00,0x80,0x3F,0x00,0x00,0x80,0x3F,0x00,0x00,0x00,0x3F,0x9A,0x99,0x99,0xBE,0xCD,0xCC,0x4C,0x3F,0x00,0x00,0x00,0x00,0xCD,0xCC,0xCC,0xBE,
    0xCD,0xCC,0x4C,0xBF,0x9A,0x99,0x99,0x3E,0xCD,0xCC,0xCC,0xBD,0x66,0x66,0x66,0xBF,0x00,0x00,0x00,0xBF,0x33,0x33,0x33,0x3F,0x33,0x33,0x33,0x3F,0x9A,0x99,0x99,0x3E,
    0x33,0x33,0x33,0x3F,0x00,0x00,0x00,0x00,0x00,0x00,0x00,0xBF,
};
static const uint8 s_Init_8D6090[]{
    0xFF,0xFF,0xFF,0xFF,0xFF,0xFF,0xFF,0xFF,0x0A,0xD7,0x23,0x3D,0xCD,0xCC,0x4C,0xBD,0x00,0x00,0x00,0x00,0x00,0x00,0x80,0x3F,0x00,0x00,0x00,0x00,0x00,0x00,0x00,0x00,
    0xCD,0xCC,0xCC,0x3D,0x9A,0x99,0x19,0xBE,
};
static const uint8 s_Init_8D610C[]{
    0xC3,0xB8,0xB2,0xBE,
};
static const uint8 s_Init_8D6144[]{
    0x01,0x01,
};
static const uint8 s_Init_8D6218[]{
    0x01,
};

static const GeneratedRange GENERATED_RANGES[]{
    { 0x86F104, 0x86F108, "CarEnterExit", s_Init_86F104, 4 }, // 1 globals
    { 0x8A5A80, 0x8A5A88, "Streaming", s_Init_8A5A80, 5 }, // 2 globals
    { 0x8A5A8C, 0x8A5AB4, "Streaming", s_Init_8A5A8C, 38 }, // 4 globals
    { 0x8A5AC4, 0x8A5AD4, "Streaming", s_Init_8A5AC4, 14 }, // 1 globals
    { 0x8A5AE4, 0x8A5B1C, "Collision+Streaming", s_Init_8A5AE4, 56 }, // 6 globals
    { 0x8A5B24, 0x8A5B28, "CarCtrl", s_Init_8A5B24, 1 }, // 1 globals
    { 0x8A5B58, 0x8A5E48, "Cheat", s_Init_8A5B58, 748 }, // 2 globals
    { 0x8A5E50, 0x8A5F40, "GameLogic", s_Init_8A5E50, 236 }, // 1 globals
    { 0x8A5F48, 0x8A5FB0, "Pickups", s_Init_8A5F48, 101 }, // 1 globals
    { 0x8A6160, 0x8A61D8, "Replay+RunningScript", s_Init_8A6160, 118 }, // 2 globals
    { 0x8A6204, 0x8A625C, "TrafficLights+Shopping", s_Init_8A6204, 85 }, // 4 globals
    { 0x8A6260, 0x8A6458, "PedModelInfo+PedDamageResponseCalculator", s_Init_8A6260, 504 }, // 3 globals
    { 0x8A7740, 0x8A7784, "VehicleModelInfo", s_Init_8A7740, 68 }, // 3 globals
    { 0x8AA5A8, 0x8AD670, "CutsceneMgr+AnimManager", s_Init_8AA5A8, 12488 }, // 3 globals
    { 0x8AE554, 0x8AE598, "AECutsceneTrackManager", s_Init_8AE554, 68 }, // 1 globals
    { 0x8C8B88, 0x8CBA68, "AERadioTrackManager", s_Init_8C8B88, 11224 }, // 19 globals
    { 0x8CC30C, 0x8CC380, "AEWeatherAudioEntity", s_Init_8CC30C, 115 }, // 2 globals
    { 0x8CC381, 0x8CC38C, "Camera", s_Init_8CC381, 11 }, // 3 globals
    { 0x8CCB84, 0x8CCB90, "Camera", s_Init_8CCB84, 12 }, // 1 globals
    { 0x8CCB9C, 0x8CCBA0, "Cam", s_Init_8CCB9C, 4 }, // 1 globals
    { 0x8CCBA4, 0x8CCBA8, "Cam", s_Init_8CCBA4, 4 }, // 1 globals
    { 0x8CD4F8, 0x8CD4FC, "ModelIndices", s_Init_8CD4F8, 2 }, // 1 globals
    { 0x8CD500, 0x8CD504, "ModelIndices", s_Init_8CD500, 2 }, // 1 globals
    { 0x8CD524, 0x8CD528, "ModelIndices", s_Init_8CD524, 2 }, // 1 globals
    { 0x8CD530, 0x8CD560, "ModelIndices", s_Init_8CD530, 46 }, // 12 globals
    { 0x8CD564, 0x8CD59C, "ModelIndices", s_Init_8CD564, 54 }, // 14 globals
    { 0x8CD5A0, 0x8CD5BC, "ModelIndices", s_Init_8CD5A0, 26 }, // 7 globals
    { 0x8CD5C0, 0x8CD5D8, "ModelIndices", s_Init_8CD5C0, 22 }, // 6 globals
    { 0x8CD5DC, 0x8CD5E0, "ModelIndices", s_Init_8CD5DC, 2 }, // 1 globals
    { 0x8CD5E4, 0x8CD5E8, "ModelIndices", s_Init_8CD5E4, 2 }, // 1 globals
    { 0x8CD5F0, 0x8CD5FC, "ModelIndices", s_Init_8CD5F0, 10 }, // 3 globals
    { 0x8CD600, 0x8CD614, "ModelIndices", s_Init_8CD600, 18 }, // 5 globals
    { 0x8CD618, 0x8CD620, "ModelIndices", s_Init_8CD618, 6 }, // 2 globals
    { 0x8CD624, 0x8CD644, "ModelIndices", s_Init_8CD624, 30 }, // 8 globals
    { 0x8CD650, 0x8CD654, "ModelIndices", s_Init_8CD650, 2 }, // 1 globals
    { 0x8CD658, 0x8CD65C, "ModelIndices", s_Init_8CD658, 2 }, // 1 globals
    { 0x8CD660, 0x8CD664, "ModelIndices", s_Init_8CD660, 2 }, // 1 globals
    { 0x8CD66C, 0x8CD674, "ModelIndices", s_Init_8CD66C, 6 }, // 2 globals
    { 0x8CD67C, 0x8CD6B8, "ModelIndices", s_Init_8CD67C, 58 }, // 15 globals
    { 0x8CD6BC, 0x8CD6FC, "ModelIndices", s_Init_8CD6BC, 62 }, // 16 globals
    { 0x8CD704, 0x8CD71C, "ModelIndices", s_Init_8CD704, 22 }, // 6 globals
    { 0x8CD720, 0x8CD740, "ModelIndices", s_Init_8CD720, 30 }, // 8 globals
    { 0x8CD744, 0x8CD750, "ModelIndices", s_Init_8CD744, 10 }, // 3 globals
    { 0x8CD758, 0x8CD76C, "ModelIndices", s_Init_8CD758, 18 }, // 5 globals
    { 0x8CD770, 0x8CD782, "ModelIndices", s_Init_8CD770, 18 }, // 5 globals
    { 0x8CD784, 0x8CD800, "Physical", s_Init_8CD784, 124 }, // 10 globals
    { 0x8CDEE0, 0x8CDEE4, "TimeCycle", s_Init_8CDEE0, 1 }, // 1 globals
    { 0x8CDEE8, 0x8CDEF4, "Wanted", s_Init_8CDEE8, 9 }, // 1 globals
    { 0x8CDF14, 0x8CDF1C, "IniFile", s_Init_8CDF14, 8 }, // 2 globals
    { 0x8D0920, 0x8D0930, "Radar", s_Init_8D0920, 16 }, // 1 globals
    { 0x8D0938, 0x8D0948, "LoadingScreen+Hud", s_Init_8D0938, 16 }, // 4 globals
    { 0x8D0A20, 0x8D0A24, "Object", s_Init_8D0A20, 4 }, // 1 globals
    { 0x8D0AA4, 0x8D0AA6, "ClothesBuilder", s_Init_8D0AA4, 2 }, // 2 globals
    { 0x8D0F68, 0x8D0F80, "CutsceneObject", s_Init_8D0F68, 23 }, // 1 globals
    { 0x8D12C8, 0x8D12CC, "CustomCarEnvMapPipeline", s_Init_8D12C8, 4 }, // 1 globals
    { 0x8D132C, 0x8D1345, "GrassRenderer", s_Init_8D132C, 25 }, // 2 globals
    { 0x8D22B0, 0x8D2358, "PedIK+PedGeometryAnalyser", s_Init_8D22B0, 165 }, // 3 globals
    { 0x8D235C, 0x8D2360, "EventScanner", s_Init_8D235C, 2 }, // 1 globals
    { 0x8D2380, 0x8D2438, "CollisionEventScanner+PedIntelligence", s_Init_8D2380, 183 }, // 10 globals
    { 0x8D243C, 0x8D2440, "PlayerPed", s_Init_8D243C, 4 }, // 1 globals
    { 0x8D2534, 0x8D2540, "Population", s_Init_8D2534, 9 }, // 3 globals
    { 0x8D2BE0, 0x8D2D00, "platform+GenericGameStorage", s_Init_8D2BE0, 288 }, // 2 globals
    { 0x8D2E34, 0x8D2E98, "TaskSimpleGangDriveBy+TaskSimpleFight", s_Init_8D2E34, 100 }, // 10 globals
    { 0x8D2EF4, 0x8D2FFC, "TaskComplexFallToDeath+TaskSimplePlayerOnFoot", s_Init_8D2EF4, 262 }, // 10 globals
    { 0x8D32C8, 0x8D3394, "Buoyancy+Heli", s_Init_8D32C8, 204 }, // 7 globals
    { 0x8D33A0, 0x8D33A4, "Heli", s_Init_8D33A0, 4 }, // 1 globals
    { 0x8D33A8, 0x8D34AC, "Plane+Vehicle", s_Init_8D33A8, 260 }, // 45 globals
    { 0x8D34B4, 0x8D34EC, "Vehicle", s_Init_8D34B4, 56 }, // 14 globals
    { 0x8D3510, 0x8D37D0, "Vehicle+WaterCreatureManager_c", s_Init_8D3510, 700 }, // 8 globals
    { 0x8D37D4, 0x8D37D5, "WaterLevel", s_Init_8D37D4, 1 }, // 1 globals
    { 0x8D37E0, 0x8D3810, "WaterLevel", s_Init_8D37E0, 45 }, // 7 globals
    { 0x8D3824, 0x8D3934, "WaterLevel", s_Init_8D3824, 269 }, // 11 globals
    { 0x8D394C, 0x8D5038, "BouncingPanel+Coronas", s_Init_8D394C, 5868 }, // 11 globals
    { 0x8D5094, 0x8D50B0, "PostEffects", s_Init_8D5094, 28 }, // 4 globals
    { 0x8D50B4, 0x8D5109, "PostEffects", s_Init_8D50B4, 85 }, // 19 globals
    { 0x8D510A, 0x8D514C, "PostEffects", s_Init_8D510A, 66 }, // 16 globals
    { 0x8D5150, 0x8D5204, "PostEffects", s_Init_8D5150, 177 }, // 12 globals
    { 0x8D5388, 0x8D5658, "Clouds", s_Init_8D5388, 720 }, // 3 globals
    { 0x8D5798, 0x8D57A0, "Clouds", s_Init_8D5798, 7 }, // 1 globals
    { 0x8D5CD8, 0x8D5D8B, "Occlusion+Glass", s_Init_8D5CD8, 179 }, // 5 globals
    { 0x8D5EAC, 0x8D6078, "Weather", s_Init_8D5EAC, 460 }, // 1 globals
    { 0x8D6090, 0x8D60BC, "VisibilityPlugins", s_Init_8D6090, 40 }, // 2 globals
    { 0x8D610C, 0x8D6110, "Weapon", s_Init_8D610C, 4 }, // 1 globals
    { 0x8D6144, 0x8D6148, "WeaponEffects", s_Init_8D6144, 2 }, // 1 globals
    { 0x8D6218, 0x8D621C, "VideoMode", s_Init_8D6218, 1 }, // 1 globals
    { 0x8E3EF8, 0x8E3FB0, "IplStore", nullptr, 0 }, // 6 globals
    { 0x8E3FD0, 0x8E3FE0, "IplStore", nullptr, 0 }, // 1 globals
    { 0x8E3FE4, 0x8E4010, "CdStreamInfo", nullptr, 0 }, // 7 globals
    { 0x8E4090, 0x8E4094, "CdStreamInfo", nullptr, 0 }, // 1 globals
    { 0x8E48AC, 0x8E48D0, "Streaming", nullptr, 0 }, // 1 globals
    { 0x8E48D8, 0x8E4A60, "Streaming", nullptr, 0 }, // 2 globals
    { 0x8E4B90, 0x8E4C64, "Streaming", nullptr, 0 }, // 18 globals
    { 0x8E4CA4, 0x8E4CA8, "Streaming", nullptr, 0 }, // 1 globals
    { 0x9654BC, 0x9654C4, "Streaming", nullptr, 0 }, // 5 globals
    { 0x965554, 0x965560, "ColStore", nullptr, 0 }, // 3 globals
    { 0x965580, 0x9655D0, "Collision+Camera", nullptr, 0 }, // 8 globals
    { 0x9655D4, 0x9655E5, "Collision+Camera", nullptr, 0 }, // 4 globals
    { 0x9689DC, 0x9689E0, "CollisionPlugin", nullptr, 0 }, // 1 globals
    { 0x969070, 0x969094, "CarCtrl", nullptr, 0 }, // 5 globals
    { 0x969098, 0x9690CC, "CarCtrl", nullptr, 0 }, // 12 globals
    { 0x969110, 0x969130, "Cheat", nullptr, 0 }, // 1 globals
    { 0x9691B0, 0x9691D8, "PedToPlayerConversations+Conversations", nullptr, 0 }, // 10 globals
    { 0x969360, 0x969570, "Conversations", nullptr, 0 }, // 1 globals
    { 0x969A48, 0x96A704, "Darkel", nullptr, 0 }, // 14 globals
    { 0x96A720, 0x96A7B8, "EntryExitManager", nullptr, 0 }, // 4 globals
    { 0x96A7D0, 0x96A7D4, "EntryExitManager", nullptr, 0 }, // 1 globals
    { 0x96A840, 0x96A8A8, "GameLogic", nullptr, 0 }, // 8 globals
    { 0x96A8AC, 0x96A8B0, "GameLogic", nullptr, 0 }, // 1 globals
    { 0x96A8D4, 0x96A9B8, "GameLogic", nullptr, 0 }, // 3 globals
    { 0x96AB28, 0x96AB44, "GangWars", nullptr, 0 }, // 3 globals
    { 0x96AB5C, 0x96AB60, "GangWars", nullptr, 0 }, // 1 globals
    { 0x96AB68, 0x96AB80, "GangWars", nullptr, 0 }, // 1 globals
    { 0x96AB94, 0x96AB98, "GangWars", nullptr, 0 }, // 1 globals
    { 0x96ABD8, 0x96BFE4, "Garages", nullptr, 0 }, // 4 globals
    { 0x96BFE8, 0x96C008, "Garages", nullptr, 0 }, // 5 globals
    { 0x96C00A, 0x96C024, "Garages", nullptr, 0 }, // 7 globals
    { 0x96EA98, 0x96EAC0, "PathFind", nullptr, 0 }, // 2 globals
    { 0x96EC40, 0x96EFD0, "PathFind", nullptr, 0 }, // 7 globals
    { 0x96F030, 0x96F031, "PathFind", nullptr, 0 }, // 1 globals
    { 0x977B70, 0x977B7C, "PathFind", nullptr, 0 }, // 1 globals
    { 0x978618, 0x9788C0, "Pickups", nullptr, 0 }, // 7 globals
    { 0x97D640, 0x97D644, "Pickups", nullptr, 0 }, // 1 globals
    { 0x97D670, 0x97F630, "VehicleRecording", nullptr, 0 }, // 12 globals
    { 0x97F66D, 0x97F670, "Replay", nullptr, 0 }, // 1 globals
    { 0x97F680, 0x97FAD4, "Replay", nullptr, 0 }, // 18 globals
    { 0x97FAE0, 0x97FAEE, "Replay", nullptr, 0 }, // 5 globals
    { 0x97FAF4, 0x97FB40, "Replay", nullptr, 0 }, // 11 globals
    { 0x97FB44, 0x97FB88, "Replay", nullptr, 0 }, // 11 globals
    { 0xA43248, 0xA4324C, "Restart", nullptr, 0 }, // 1 globals
    { 0xA4325C, 0xA432E8, "Restart", nullptr, 0 }, // 9 globals
    { 0xA43318, 0xA43414, "Restart", nullptr, 0 }, // 3 globals
    { 0xA4342C, 0xA43584, "RoadBlocks+Restart", nullptr, 0 }, // 3 globals
    { 0xA43AB8, 0xA43C78, "RoadBlocks", nullptr, 0 }, // 1 globals
    { 0xA43CF8, 0xA43F54, "TheScripts", nullptr, 0 }, // 2 globals
    { 0xA44068, 0xA44070, "TheScripts", nullptr, 0 }, // 1 globals
    { 0xA444A5, 0xA444A7, "TheScripts", nullptr, 0 }, // 2 globals
    { 0xA444AC, 0xA444B0, "TheScripts", nullptr, 0 }, // 1 globals
    { 0xA444B4, 0xA444B8, "TheScripts", nullptr, 0 }, // 1 globals
    { 0xA444BC, 0xA444C8, "TheScripts", nullptr, 0 }, // 3 globals
    { 0xA447E8, 0xA447EC, "TheScripts", nullptr, 0 }, // 1 globals
    { 0xA447F4, 0xA448F0, "TheScripts", nullptr, 0 }, // 4 globals
    { 0xA44A30, 0xA44B5C, "TheScripts", nullptr, 0 }, // 1 globals
    { 0xA44B6C, 0xA44B70, "TheScripts", nullptr, 0 }, // 1 globals
    { 0xA476B0, 0xA47B60, "TheScripts", nullptr, 0 }, // 1 globals
    { 0xA48960, 0xA49960, "TheScripts", nullptr, 0 }, // 1 globals
    { 0xA957F8, 0xA957FC, "SetPieces", nullptr, 0 }, // 1 globals
    { 0xA97258, 0xA97274, "Shopping", nullptr, 0 }, // 1 globals
    { 0xA97298, 0xA98650, "Shopping", nullptr, 0 }, // 4 globals
    { 0xA9A310, 0xA9A318, "Shopping", nullptr, 0 }, // 1 globals
    { 0xA9A7C8, 0xA9A7CC, "Shopping", nullptr, 0 }, // 1 globals
    { 0xA9A888, 0xA9A890, "StuntJumpManager", nullptr, 0 }, // 2 globals
    { 0xA9A891, 0xA9A89C, "StuntJumpManager", nullptr, 0 }, // 3 globals
    { 0xA9ADB0, 0xA9ADE4, "TrafficLights", nullptr, 0 }, // 5 globals
    { 0xB4DBE8, 0xB4E478, "VehicleModelInfo", nullptr, 0 }, // 6 globals
    { 0xB4E688, 0xB4E6B8, "VehicleModelInfo", nullptr, 0 }, // 4 globals
    { 0xB4EA2C, 0xB4EA34, "AnimManager", nullptr, 0 }, // 2 globals
    { 0xB5EB20, 0xB5F84C, "CutsceneMgr+AnimManager", nullptr, 0 }, // 7 globals
    { 0xB5F850, 0xB5F851, "CutsceneMgr", nullptr, 0 }, // 1 globals
    { 0xB5F855, 0xB5F85C, "CutsceneMgr", nullptr, 0 }, // 2 globals
    { 0xB610F0, 0xB61100, "AEAudioUtility", nullptr, 0 }, // 2 globals
    { 0xB612EC, 0xB612FC, "AEFireAudioEntity+AEGlobalWeaponAudioEntity", nullptr, 0 }, // 2 globals
    { 0xB613D0, 0xB61670, "AEPedSpeechAudioEntity", nullptr, 0 }, // 19 globals
    { 0xB61CF8, 0xB61D50, "AEPoliceScannerAudioEntity", nullptr, 0 }, // 13 globals
    { 0xB61D78, 0xB62C73, "AERadioTrackManager", nullptr, 0 }, // 31 globals
    { 0xB6B970, 0xB6B9A0, "AEVehicleAudioEntity+AEUserRadioTrackManager", nullptr, 0 }, // 5 globals
    { 0xB6DC6C, 0xB6DCD0, "AudioZones", nullptr, 0 }, // 6 globals
    { 0xB6EBA8, 0xB6EC20, "Camera+Cam", nullptr, 0 }, // 7 globals
    { 0xB6EC24, 0xB6EC28, "Camera", nullptr, 0 }, // 1 globals
    { 0xB6EC2D, 0xB6EC2E, "Camera", nullptr, 0 }, // 1 globals
    { 0xB6EC40, 0xB6EC44, "IdleCam", nullptr, 0 }, // 1 globals
    { 0xB6FE8C, 0xB6FEC0, "Cam", nullptr, 0 }, // 4 globals
    { 0xB70144, 0xB7014E, "Clock", nullptr, 0 }, // 6 globals
    { 0xB70158, 0xB7015C, "Clock", nullptr, 0 }, // 1 globals
    { 0xB71510, 0xB71670, "common", nullptr, 0 }, // 1 globals
    { 0xB71804, 0xB71808, "Building", nullptr, 0 }, // 1 globals
    { 0xB71840, 0xB71848, "FileLoader", nullptr, 0 }, // 1 globals
    { 0xB728E8, 0xB72910, "Game", nullptr, 0 }, // 3 globals
    { 0xB72959, 0xB7295A, "Game", nullptr, 0 }, // 1 globals
    { 0xB72CB0, 0xB72F20, "Pad", nullptr, 0 }, // 1 globals
    { 0xB73402, 0xB73418, "Pad", nullptr, 0 }, // 3 globals
    { 0xB73708, 0xB73710, "common", nullptr, 0 }, // 1 globals
    { 0xB745C0, 0xB75898, "Renderer", nullptr, 0 }, // 9 globals
    { 0xB76838, 0xB76850, "Renderer", nullptr, 0 }, // 6 globals
    { 0xB76851, 0xB76854, "Renderer", nullptr, 0 }, // 1 globals
    { 0xB76870, 0xB7687C, "Renderer", nullptr, 0 }, // 1 globals
    { 0xB781F8, 0xB78A00, "Ropes+Stats", nullptr, 0 }, // 2 globals
    { 0xB78CC8, 0xB79514, "Stats+MenuManager", nullptr, 0 }, // 24 globals
    { 0xB79E30, 0xB7C484, "TimeCycle", nullptr, 0 }, // 64 globals
    { 0xB7C550, 0xB7CB10, "TimeCycle", nullptr, 0 }, // 2 globals
    { 0xB7CB28, 0xB7CB48, "Timer", nullptr, 0 }, // 6 globals
    { 0xB7CB50, 0xB7CB54, "Timer", nullptr, 0 }, // 1 globals
    { 0xB7CB60, 0xB7CB64, "Timer", nullptr, 0 }, // 1 globals
    { 0xB7CB68, 0xB7CB6C, "Timer", nullptr, 0 }, // 1 globals
    { 0xB7CB70, 0xB7CB78, "Timer", nullptr, 0 }, // 2 globals
    { 0xB7CB80, 0xB7CB84, "Timer", nullptr, 0 }, // 1 globals
    { 0xB7CB88, 0xB7CB8C, "Timer", nullptr, 0 }, // 2 globals
    { 0xB7CD60, 0xB7CD6D, "World", nullptr, 0 }, // 4 globals
    { 0xB7CD6E, 0xB7CD74, "World", nullptr, 0 }, // 6 globals
    { 0xB9ACD0, 0xB9B7D0, "World", nullptr, 0 }, // 2 globals
    { 0xB9B7EC, 0xB9B7EE, "Localisation", nullptr, 0 }, // 2 globals
    { 0xBA18F4, 0xBA1DE8, "TheZones+UserDisplay", nullptr, 0 }, // 4 globals
    { 0xBA3730, 0xBA3794, "TheZones", nullptr, 0 }, // 1 globals
    { 0xBA6744, 0xBA6745, "MenuManager", nullptr, 0 }, // 1 globals
    { 0xBA82E0, 0xBA82E3, "MenuSystem", nullptr, 0 }, // 2 globals
    { 0xBA8300, 0xBA86B8, "Radar", nullptr, 0 }, // 8 globals
    { 0xBAA248, 0xBAA250, "Radar", nullptr, 0 }, // 1 globals
    { 0xBAA388, 0xBAA3F8, "Hud", nullptr, 0 }, // 10 globals
    { 0xBAA3FC, 0xBAA45D, "Hud", nullptr, 0 }, // 25 globals
    { 0xBAA460, 0xBAA480, "Hud", nullptr, 0 }, // 9 globals
    { 0xBAA610, 0xBAA930, "Hud", nullptr, 0 }, // 2 globals
    { 0xBAA934, 0xBAACC0, "Hud", nullptr, 0 }, // 3 globals
    { 0xBAB040, 0xBAB1D4, "Hud", nullptr, 0 }, // 2 globals
    { 0xBAB1D8, 0xBAB1DC, "Hud", nullptr, 0 }, // 1 globals
    { 0xBAB1DE, 0xBAB1E0, "Hud", nullptr, 0 }, // 1 globals
    { 0xBAB229, 0xBAB22C, "Hud", nullptr, 0 }, // 1 globals
    { 0xBAB268, 0xBAB318, "LoadingScreen", nullptr, 0 }, // 3 globals
    { 0xBAB319, 0xBAB340, "LoadingScreen", nullptr, 0 }, // 15 globals
    { 0xBAB378, 0xBAB380, "FurnitureManager_c", nullptr, 0 }, // 2 globals
    { 0xBBC8C8, 0xBBCDC8, "ClothesBuilder", nullptr, 0 }, // 1 globals
    { 0xBC12F8, 0xBC1300, "Clothes", nullptr, 0 }, // 2 globals
    { 0xBC1CF8, 0xBC3F18, "CutsceneMgr", nullptr, 0 }, // 18 globals
    { 0xBC3FE0, 0xBC4006, "CutsceneMgr", nullptr, 0 }, // 11 globals
    { 0xBC4090, 0xBC40B8, "ColAccel", nullptr, 0 }, // 10 globals
    { 0xC02C68, 0xC02D18, "CustomBuildingPipeline+CustomCarEnvMapPipeline", nullptr, 0 }, // 2 globals
    { 0xC02D24, 0xC02D28, "CustomCarEnvMapPipeline", nullptr, 0 }, // 1 globals
    { 0xC02D2C, 0xC02D30, "CustomCarEnvMapPipeline", nullptr, 0 }, // 1 globals
    { 0xC02DB8, 0xC02DC0, "GrassRenderer", nullptr, 0 }, // 2 globals
    { 0xC02DDC, 0xC02DE8, "GrassRenderer", nullptr, 0 }, // 1 globals
    { 0xC03984, 0xC03A30, "PlantMgr", nullptr, 0 }, // 7 globals
    { 0xC098D0, 0xC098E0, "PedGroups", nullptr, 0 }, // 1 globals
    { 0xC0B034, 0xC0B038, "EventScanner", nullptr, 0 }, // 1 globals
    { 0xC0BBE8, 0xC0BBEC, "PedType", nullptr, 0 }, // 1 globals
    { 0xC0BC08, 0xC0BC10, "PlayerPed", nullptr, 0 }, // 1 globals
    { 0xC0BC30, 0xC0BC6C, "PopCycle", nullptr, 0 }, // 15 globals
    { 0xC0DE38, 0xC0E978, "PopCycle", nullptr, 0 }, // 6 globals
    { 0xC0E998, 0xC0E9F8, "Population", nullptr, 0 }, // 2 globals
    { 0xC0EA28, 0xC0EC24, "Population", nullptr, 0 }, // 3 globals
    { 0xC0EC28, 0xC0EC78, "Population", nullptr, 0 }, // 10 globals
    { 0xC0FCB5, 0xC0FCBC, "Population", nullptr, 0 }, // 3 globals
    { 0xC15F60, 0xC16138, "GenericGameStorage", nullptr, 0 }, // 4 globals
    { 0xC16DB8, 0xC16EBC, "GenericGameStorage", nullptr, 0 }, // 1 globals
    { 0xC16EE8, 0xC16EFD, "GenericGameStorage", nullptr, 0 }, // 6 globals
    { 0xC17034, 0xC17038, "C_PcSave", nullptr, 0 }, // 1 globals
    { 0xC177D0, 0xC17824, "TaskSimpleFight", nullptr, 0 }, // 1 globals
    { 0xC17884, 0xC17898, "TaskSimpleFight", nullptr, 0 }, // 1 globals
    { 0xC18C3C, 0xC18C78, "CarEnterExit", nullptr, 0 }, // 5 globals
    { 0xC18F98, 0xC19518, "TaskSimpleGetUp", nullptr, 0 }, // 1 globals
    { 0xC1A570, 0xC1A7F0, "Messages", nullptr, 0 }, // 1 globals
    { 0xC1AEB8, 0xC1B100, "common", nullptr, 0 }, // 2 globals
    { 0xC1C960, 0xC1C96C, "Heli", nullptr, 0 }, // 2 globals
    { 0xC1CAD8, 0xC1CAE0, "Plane", nullptr, 0 }, // 2 globals
    { 0xC1CB58, 0xC1CB60, "Vehicle", nullptr, 0 }, // 1 globals
    { 0xC1CC02, 0xC1CC18, "Vehicle", nullptr, 0 }, // 4 globals
    { 0xC1CC19, 0xC1CC1C, "Vehicle", nullptr, 0 }, // 1 globals
    { 0xC1F950, 0xC1F968, "WaterLevel", nullptr, 0 }, // 5 globals
    { 0xC20168, 0xC215F0, "WaterLevel", nullptr, 0 }, // 14 globals
    { 0xC2288C, 0xC228A0, "WaterLevel", nullptr, 0 }, // 3 globals
    { 0xC228A8, 0xC228F0, "WaterLevel", nullptr, 0 }, // 10 globals
    { 0xC278D4, 0xC278E0, "WaterLevel", nullptr, 0 }, // 1 globals
    { 0xC278F8, 0xC27988, "3dMarkers", nullptr, 0 }, // 1 globals
    { 0xC279D0, 0xC279D8, "TheCarGenerators", nullptr, 0 }, // 3 globals
    { 0xC2B968, 0xC2B974, "CarGenerator", nullptr, 0 }, // 1 globals
    { 0xC37FEC, 0xC38034, "Train", nullptr, 0 }, // 9 globals
    { 0xC38064, 0xC39ED4, "PlantSurfPropMgr+Train", nullptr, 0 }, // 4 globals
    { 0xC39EE0, 0xC3A020, "Scripted2dEffects", nullptr, 0 }, // 2 globals
    { 0xC3A120, 0xC3A1E0, "Scripted2dEffects", nullptr, 0 }, // 2 globals
    { 0xC3E000, 0xC3E038, "Coronas", nullptr, 0 }, // 5 globals
    { 0xC3E058, 0xC3EF98, "CustomCarPlateMgr+CustomRoadsignMgr", nullptr, 0 }, // 10 globals
    { 0xC3F03C, 0xC3F040, "PlayerSkin", nullptr, 0 }, // 1 globals
    { 0xC3F050, 0xC3F0D0, "PointLights", nullptr, 0 }, // 1 globals
    { 0xC3F0E0, 0xC3FE08, "PostEffects+PointLights", nullptr, 0 }, // 5 globals
    { 0xC400D8, 0xC40150, "PostEffects", nullptr, 0 }, // 1 globals
    { 0xC402B0, 0xC402B7, "PostEffects", nullptr, 0 }, // 2 globals
    { 0xC402BB, 0xC402D0, "PostEffects", nullptr, 0 }, // 12 globals
    { 0xC402D1, 0xC402DC, "PostEffects", nullptr, 0 }, // 3 globals
    { 0xC403A8, 0xC40414, "Shadows+RenderBuffer", nullptr, 0 }, // 16 globals
    { 0xC40430, 0xC4AC30, "Shadows", nullptr, 0 }, // 3 globals
    { 0xC6A170, 0xC6A178, "StencilShadows", nullptr, 0 }, // 2 globals
    { 0xC6A8A0, 0xC6A8A4, "Birds", nullptr, 0 }, // 1 globals
    { 0xC6A8B0, 0xC6AA7C, "Clouds+Birds", nullptr, 0 }, // 9 globals
    { 0xC6AAB0, 0xC6E954, "Clouds", nullptr, 0 }, // 2 globals
    { 0xC6E958, 0xC6E970, "Clouds", nullptr, 0 }, // 2 globals
    { 0xC6E978, 0xC6E97C, "Credits", nullptr, 0 }, // 1 globals
    { 0xC713A8, 0xC71A55, "Font+PlaneTrails", nullptr, 0 }, // 5 globals
    { 0xC71A60, 0xC71AD0, "Font", nullptr, 0 }, // 2 globals
    { 0xC71B18, 0xC71BD8, "Glass", nullptr, 0 }, // 8 globals
    { 0xC72FA8, 0xC72FB0, "Glass", nullptr, 0 }, // 1 globals
    { 0xC73CA0, 0xC73FA0, "Occluder+Occlusion", nullptr, 0 }, // 9 globals
    { 0xC78610, 0xC79950, "Occluder+Occlusion", nullptr, 0 }, // 3 globals
    { 0xC799C8, 0xC79A88, "Skidmarks", nullptr, 0 }, // 1 globals
    { 0xC79AA8, 0xC7C710, "3dMarkers+MotionBlurStreaks", nullptr, 0 }, // 15 globals
    { 0xC7C718, 0xC7C728, "Mirrors+SpecialFX", nullptr, 0 }, // 4 globals
    { 0xC7C748, 0xC7DD58, "MotionBlurStreaks+BrightLights", nullptr, 0 }, // 4 globals
    { 0xC80258, 0xC803D8, "3dMarkers", nullptr, 0 }, // 2 globals
    { 0xC80458, 0xC80468, "Sprite2d", nullptr, 0 }, // 4 globals
    { 0xC812A8, 0xC812F0, "Weather", nullptr, 0 }, // 18 globals
    { 0xC812F4, 0xC8131C, "Weather", nullptr, 0 }, // 10 globals
    { 0xC8132C, 0xC81340, "Weather", nullptr, 0 }, // 4 globals
    { 0xC81440, 0xC81450, "Weather", nullptr, 0 }, // 3 globals
    { 0xC81458, 0xC815B8, "Renderer+WindModifiers", nullptr, 0 }, // 3 globals
    { 0xC815C0, 0xC87ACD, "CullZones", nullptr, 0 }, // 9 globals
    { 0xC88010, 0xC88018, "TxdStore", nullptr, 0 }, // 2 globals
    { 0xC88028, 0xC88044, "VisibilityPlugins", nullptr, 0 }, // 7 globals
    { 0xC88048, 0xC88050, "VisibilityPlugins", nullptr, 0 }, // 2 globals
    { 0xC881D0, 0xC88224, "VisibilityPlugins", nullptr, 0 }, // 1 globals
    { 0xC88258, 0xC886E8, "app_light+RwHelper", nullptr, 0 }, // 9 globals
    { 0xC886F0, 0xC88708, "app_light", nullptr, 0 }, // 1 globals
    { 0xC88740, 0xC888AC, "BulletInfo", nullptr, 0 }, // 2 globals
    { 0xC88950, 0xC89110, "Explosion", nullptr, 0 }, // 1 globals
    { 0xC891A8, 0xC89628, "ProjectileInfo", nullptr, 0 }, // 1 globals
    { 0xC89690, 0xC8A7C1, "Weapon+ShotInfo", nullptr, 0 }, // 2 globals
    { 0xC8A810, 0xC8A818, "WeaponEffects", nullptr, 0 }, // 1 globals
    { 0xC8A890, 0xC8A8A8, "WeaponEffects", nullptr, 0 }, // 5 globals
    { 0xC8CDE8, 0xC8CF88, "Securom+WinPlatform", nullptr, 0 }, // 3 globals
    { 0xC920CC, 0xC920E8, "VideoPlayer+VideoMode", nullptr, 0 }, // 7 globals
    { 0xC92268, 0xC92368, "FileMgr", nullptr, 0 }, // 1 globals
};
